color,lat,long,date
#DEBAD0,49.269131,-123.145210,056_WedFeb25
#895773,49.286675,-123.143220,056_WedFeb25
#A94D90,49.283327,-123.119291,056_WedFeb25
#150909,49.284962,-123.124396,056_WedFeb25
#EA5CB0,49.267639,-123.096891,056_WedFeb25
#040400,49.281874,-123.124205,056_WedFeb25
#9D7C9E,49.280404,-123.121227,056_WedFeb25
#040602,49.284042,-123.107463,056_WedFeb25
#736C6F,49.288396,-123.130503,056_WedFeb25
#99557E,49.260006,-123.138896,056_WedFeb25
#25201E,49.279499,-123.107124,056_WedFeb25
#030002,49.286675,-123.143220,056_WedFeb25
#AC636F,49.227202,-123.090620,056_WedFeb25
#A9919F,49.282117,-123.101327,056_WedFeb25
#1A0D0C,49.281874,-123.124205,056_WedFeb25
#001B04,49.300000,-123.140000,056_WedFeb25
#040303,49.257185,-123.090494,056_WedFeb25
#92265F,49.280796,-123.117943,056_WedFeb25
#040103,49.280371,-123.129529,056_WedFeb25
#070104,49.266222,-123.139545,056_WedFeb25
#A7B4A4,49.300000,-123.140000,056_WedFeb25
#846C75,49.280796,-123.117943,056_WedFeb25
#BBE8D3,49.271030,-123.023071,056_WedFeb25
#040202,49.272625,-123.135620,056_WedFeb25
#750217,49.241635,-123.125641,056_WedFeb25
#190407,49.272824,-123.069781,056_WedFeb25
#EFEFEF,49.288128,-123.114868,056_WedFeb25
#040201,49.289583,-123.117568,056_WedFeb25
#080603,49.235472,-123.092639,056_WedFeb25
#010101,49.288685,-123.131409,056_WedFeb25
#211D1F,49.250000,-123.100000,056_WedFeb25
#F8F8F9,49.242477,-123.089092,056_WedFeb25
#0D080B,49.286675,-123.143220,056_WedFeb25
#020202,49.283930,-123.123721,056_WedFeb25
#E8DFE5,49.261412,-123.066266,056_WedFeb25
#F2EEEC,49.282834,-123.120458,056_WedFeb25
#020101,49.266510,-123.069351,056_WedFeb25
#ECE6E7,49.279270,-123.129776,056_WedFeb25
#060606,49.267101,-123.103561,056_WedFeb25
#0C0809,49.271856,-123.135008,056_WedFeb25
#090E07,49.289080,-123.124760,056_WedFeb25
#080E09,49.315278,-123.138333,056_WedFeb25
#010101,49.282263,-123.141019,056_WedFeb25
#040303,49.249962,-123.089905,056_WedFeb25
#030302,49.279869,-123.121490,056_WedFeb25
#0B0304,49.248142,-123.100906,056_WedFeb25
#F7F0FA,49.281224,-123.135785,056_WedFeb25
#070301,49.284599,-123.108887,056_WedFeb25
#040102,49.276211,-123.099480,056_WedFeb25
#13080C,49.282834,-123.120458,056_WedFeb25
#14150F,49.280322,-123.106809,056_WedFeb25
#040202,49.282834,-123.120458,056_WedFeb25
#2FC869,49.286675,-123.143220,056_WedFeb25
#020101,49.279991,-123.120045,056_WedFeb25
#040604,49.279270,-123.129776,056_WedFeb25
#17010C,49.262042,-123.081973,056_WedFeb25
#620910,49.272320,-123.154839,056_WedFeb25
#090A07,49.250000,-123.100000,056_WedFeb25
#201A1B,49.282834,-123.120458,056_WedFeb25
#091C10,49.288229,-123.123322,056_WedFeb25
#020202,49.276904,-123.151936,056_WedFeb25
#F6F2F4,49.289822,-123.116087,056_WedFeb25
#EDECEF,49.274642,-123.122509,056_WedFeb25
#241C21,49.281838,-123.133451,056_WedFeb25
#0C1113,49.286840,-123.124150,056_WedFeb25
#080805,49.282620,-123.116921,056_WedFeb25
#010000,49.279270,-123.129776,056_WedFeb25
#C2AFD7,49.222867,-123.096739,056_WedFeb25
#B35C91,49.244298,-123.127707,056_WedFeb25
#050401,49.280796,-123.117943,056_WedFeb25
#C0729B,49.250000,-123.100000,056_WedFeb25
#060705,49.281874,-123.124205,056_WedFeb25
#091009,49.250000,-123.100000,056_WedFeb25
#B3DEFB,49.293286,-123.139987,056_WedFeb25
#171923,49.260918,-123.100838,056_WedFeb25
#E0E2E1,49.280404,-123.121227,056_WedFeb25
#000101,49.279270,-123.129776,056_WedFeb25
#13090C,49.267097,-123.145409,056_WedFeb25
#15050A,49.282834,-123.120458,056_WedFeb25
#030202,49.298040,-123.117550,056_WedFeb25
#09531E,49.280509,-123.138430,056_WedFeb25
#010200,49.261200,-123.123056,056_WedFeb25
#030302,49.280659,-123.100861,056_WedFeb25
#030202,49.279270,-123.129776,056_WedFeb25
#000000,49.250000,-123.100000,056_WedFeb25
#0E0C0D,49.250000,-123.100000,056_WedFeb25
#0B0509,49.274067,-123.100618,056_WedFeb25
#B91106,49.272625,-123.135620,056_WedFeb25
#E3E8E5,49.270157,-123.133220,056_WedFeb25
#0E070A,49.271358,-123.134056,056_WedFeb25
#0A1A09,49.250000,-123.100000,056_WedFeb25
#F1EBEE,49.260980,-123.152815,056_WedFeb25
#020202,49.250000,-123.100000,056_WedFeb25
#020101,49.284661,-123.112716,056_WedFeb25
#947E8F,49.271418,-123.133671,056_WedFeb25
#1C060B,49.269224,-123.118500,056_WedFeb25
#080303,49.250000,-123.100000,056_WedFeb25
#060202,49.281379,-123.071924,056_WedFeb25
#F2F6F4,49.286910,-123.116510,056_WedFeb25
#050B0A,49.281379,-123.071924,056_WedFeb25
#C7A8B2,49.281379,-123.071924,056_WedFeb25
#030101,49.280781,-123.132072,056_WedFeb25
#101308,49.281379,-123.071924,056_WedFeb25
#ADA2A1,49.281379,-123.071924,056_WedFeb25
#947085,49.271418,-123.133671,056_WedFeb25
#F3F9F7,49.271156,-123.139790,056_WedFeb25
#F6F5F5,49.281379,-123.071924,056_WedFeb25
#040503,49.287216,-123.118874,056_WedFeb25
#EB062D,49.273353,-123.103411,056_WedFeb25
#0B0305,49.266236,-123.137842,056_WedFeb25
#060400,49.266221,-123.146998,056_WedFeb25
#F9F9FA,49.273435,-123.121586,056_WedFeb25
#561421,49.232037,-123.157140,056_WedFeb25
#FCFCFC,49.243771,-123.154182,056_WedFeb25
#010101,49.250000,-123.100000,056_WedFeb25
#575757,49.282471,-123.117504,056_WedFeb25
#94647F,49.288990,-123.127533,056_WedFeb25
#EEDFE6,49.275470,-123.136643,056_WedFeb25
#6E7A75,49.280237,-123.123904,056_WedFeb25
#79878A,49.250000,-123.100000,056_WedFeb25
#130508,49.272005,-123.114896,056_WedFeb25
#FBFBFC,49.245600,-123.157800,056_WedFeb25
#700B13,49.271856,-123.135008,056_WedFeb25
#7D9EA9,49.286846,-123.109235,056_WedFeb25
#5C0202,49.262266,-123.140217,056_WedFeb25
#C1799F,49.283220,-123.119157,056_WedFeb25
#C6C7C6,49.269760,-123.143667,056_WedFeb25
#020201,49.281488,-123.123144,056_WedFeb25
#030202,49.280371,-123.129529,056_WedFeb25
#B86C8F,49.283100,-123.122420,056_WedFeb25
#070605,49.265881,-123.138901,056_WedFeb25
#010101,49.279828,-123.121642,056_WedFeb25
#10090A,49.287941,-123.113132,056_WedFeb25
#E9FAF9,49.281067,-123.102051,056_WedFeb25
#130508,49.278501,-123.093397,056_WedFeb25
#111913,49.287941,-123.113132,056_WedFeb25
#0D0404,49.275009,-123.122002,056_WedFeb25
#E1DDDF,49.288311,-123.116730,056_WedFeb25
#B58DA6,49.275883,-123.121460,056_WedFeb25
#050102,49.284391,-123.112503,056_WedFeb25
#040202,49.282959,-123.115181,056_WedFeb25
#010101,49.300000,-123.140000,056_WedFeb25
#B6224F,49.275009,-123.122002,056_WedFeb25
#14090A,49.289588,-123.127209,056_WedFeb25
#000000,49.255769,-123.154804,056_WedFeb25
#0D090A,49.269955,-123.108247,056_WedFeb25
#050605,49.282443,-123.118320,056_WedFeb25
#030102,49.272625,-123.135620,056_WedFeb25
#100203,49.275009,-123.122002,056_WedFeb25
#661740,49.269508,-123.143677,056_WedFeb25
#F2DEEE,49.250000,-123.100000,056_WedFeb25
#B51F4F,49.275009,-123.122002,056_WedFeb25
#0E0206,49.290562,-123.133602,056_WedFeb25
#CCB0BD,49.275723,-123.128128,056_WedFeb25
#EEEEEE,49.281959,-123.106224,056_WedFeb25
#0A070A,49.285286,-123.110218,056_WedFeb25
#010503,49.280404,-123.121227,056_WedFeb25
#4F1924,49.283558,-123.111538,056_WedFeb25
#8A8183,49.290780,-123.136454,056_WedFeb25
#040101,49.269859,-123.137917,056_WedFeb25
#F9F9F9,49.250000,-123.100000,056_WedFeb25
#66896F,49.280796,-123.117943,056_WedFeb25
#100407,49.219567,-123.118724,056_WedFeb25
#664F5C,49.263167,-123.089833,056_WedFeb25
#CA75AE,49.283447,-123.111221,056_WedFeb25
#BF5771,49.259603,-123.070535,056_WedFeb25
#727D7D,49.273279,-123.103424,056_WedFeb25
#C3B6AD,49.276097,-123.119497,056_WedFeb25
#0D0608,49.287224,-123.113916,056_WedFeb25
#050601,49.269583,-123.069642,056_WedFeb25
#8E74A0,49.292648,-123.128988,056_WedFeb25
#ACB5A6,49.272005,-123.114896,056_WedFeb25
#030402,49.234505,-123.158051,056_WedFeb25
#010701,49.292648,-123.128988,056_WedFeb25
#0C100A,49.271354,-123.089764,056_WedFeb25
#020203,49.272223,-123.146941,056_WedFeb25
#AFC3BE,49.286846,-123.109235,056_WedFeb25
#1C1818,49.288590,-123.131235,056_WedFeb25
#E2DBE0,49.280371,-123.129529,056_WedFeb25
#0A0505,49.282020,-123.118750,056_WedFeb25
#040503,49.264049,-123.115051,056_WedFeb25
#ECD4D9,48.856700,2.350800,056_WedFeb25
#020202,49.250000,-123.100000,056_WedFeb25
#CCD6CA,49.268880,-123.102845,056_WedFeb25
#090A05,49.293286,-123.139987,056_WedFeb25
#020202,49.276904,-123.151936,056_WedFeb25
#BBF0E0,49.273353,-123.103411,056_WedFeb25
#050505,49.285667,-123.120331,056_WedFeb25
#201418,49.276904,-123.151936,056_WedFeb25
#1D1E1E,49.244261,-123.154327,056_WedFeb25
#7C234C,49.276904,-123.151936,056_WedFeb25
#1B1318,49.272223,-123.146941,056_WedFeb25
#040000,49.284153,-123.097755,056_WedFeb25
#050202,49.259129,-123.100769,056_WedFeb25
#F6FCFB,49.293751,-123.149306,056_WedFeb25
#010301,49.250000,-123.100000,056_WedFeb25
#030403,49.283745,-123.109200,056_WedFeb25
#1B0B12,49.244606,-123.120567,056_WedFeb25
#CECECE,49.270556,-123.133333,056_WedFeb25
#5D685E,49.245920,-123.087209,056_WedFeb25
#040202,49.278000,-123.127667,056_WedFeb25
#D4D2D3,49.283726,-123.109711,056_WedFeb25
#040204,49.283330,-123.119142,056_WedFeb25
#DBCBD7,49.265514,-123.106755,056_WedFeb25
#BEB1B6,49.264794,-123.107482,056_WedFeb25
#FCFCFD,49.283333,-123.119217,056_WedFeb25
#FEFAFD,49.282826,-123.104485,056_WedFeb25
#140E13,49.250000,-123.100000,056_WedFeb25
#A9A7BC,49.287356,-123.122023,056_WedFeb25
#190C09,49.263101,-123.080677,056_WedFeb25
#E3E8E5,49.271856,-123.135008,056_WedFeb25
#080708,49.284599,-123.108887,056_WedFeb25
#1C1207,49.285996,-123.115241,056_WedFeb25
#040405,49.284016,-123.114159,056_WedFeb25
#E5E0E4,49.285359,-123.113844,056_WedFeb25
#050203,49.282353,-123.099529,056_WedFeb25
#746169,49.236300,-123.135900,056_WedFeb25
#040303,49.271856,-123.135008,056_WedFeb25
#080A08,49.283265,-123.104275,056_WedFeb25
#170207,49.274475,-123.131676,056_WedFeb25
#010000,49.280659,-123.100861,056_WedFeb25
#020201,49.285063,-123.120397,056_WedFeb25
#AA9DB4,49.257662,-123.069911,056_WedFeb25
#030202,49.262302,-123.101204,056_WedFeb25
#011201,49.240726,-123.098207,056_WedFeb25
#DFE0DF,49.276170,-123.119655,056_WedFeb25
#A7748C,49.293286,-123.139987,056_WedFeb25
#D6B2C3,49.287029,-123.115623,056_WedFeb25
#D0C1D2,49.269955,-123.108247,056_WedFeb25
#0D0607,49.268167,-123.149667,056_WedFeb25
#020101,49.277715,-123.099286,056_WedFeb25
#71656F,49.269400,-123.123800,056_WedFeb25
#1C1112,49.282357,-123.118674,056_WedFeb25
#10090B,49.282271,-123.103734,056_WedFeb25
#100D0D,49.701667,-123.158889,056_WedFeb25
#D4D4D4,49.277794,-123.098709,056_WedFeb25
#010201,49.285833,-123.111667,056_WedFeb25
#F5D9E6,49.300000,-123.140000,056_WedFeb25
#060203,49.277736,-123.115903,056_WedFeb25
#010201,49.242100,-123.113800,056_WedFeb25
#FCFDFD,49.283164,-123.121032,056_WedFeb25
#070608,49.242111,-123.101448,056_WedFeb25
#040302,49.275837,-123.122124,056_WedFeb25
#6F7875,49.303227,-123.130853,056_WedFeb25
#020A05,49.300000,-123.140000,056_WedFeb25
#010203,49.300000,-123.140000,056_WedFeb25
#0F070B,49.287029,-123.115623,056_WedFeb25
#E6E5E5,49.270813,-123.147293,056_WedFeb25
#F2E0EF,49.265290,-123.145597,056_WedFeb25
#0C030A,49.286797,-123.142540,056_WedFeb25
#921458,49.276932,-123.117706,056_WedFeb25
#020402,49.276211,-123.099480,056_WedFeb25
#EBDED7,49.234562,-123.156531,056_WedFeb25
#040503,49.272636,-123.136124,056_WedFeb25
#FBF8F9,49.283058,-123.115592,056_WedFeb25
#9E5E8C,49.279159,-123.123772,056_WedFeb25
#F4F3F5,49.261040,-123.156038,056_WedFeb25
#C76524,49.264601,-123.103577,056_WedFeb25
#EDEBF0,49.271856,-123.135008,056_WedFeb25
#5F091D,49.250000,-123.100000,056_WedFeb25
#F7EBF5,49.260573,-123.154466,056_WedFeb25
#B99FAF,49.290180,-123.122006,056_WedFeb25
#5A5A5A,49.280570,-123.104691,056_WedFeb25
#030403,49.272625,-123.135620,056_WedFeb25
#000100,49.271580,-123.106979,056_WedFeb25
#B18298,49.245830,-123.094177,056_WedFeb25
#C6D7D2,49.268568,-123.119434,056_WedFeb25
#020101,49.278737,-123.116661,056_WedFeb25
#5B6C58,49.259342,-123.138519,056_WedFeb25
#F7F6F7,49.282324,-123.104399,056_WedFeb25
#14ED85,49.295304,-123.137059,056_WedFeb25
#DDDDDD,49.272625,-123.135620,056_WedFeb25
#180705,49.284390,-123.109605,056_WedFeb25
#F622A5,49.174495,-123.151753,056_WedFeb25
#E8C3DE,49.257400,-123.122575,056_WedFeb25
#B5B4B4,49.283218,-123.122360,056_WedFeb25
#120303,49.271820,-123.134785,056_WedFeb25
#5E0626,49.271748,-123.069725,056_WedFeb25
#E8DFE7,49.287765,-123.118564,056_WedFeb25
#F8F8F8,49.278191,-123.114655,056_WedFeb25
#030303,49.277778,-123.143333,056_WedFeb25
#1B181E,49.272005,-123.114896,056_WedFeb25
#ECD2EB,49.280100,-123.112800,056_WedFeb25
#0E0606,49.279519,-123.115608,056_WedFeb25
#B32668,49.280995,-123.071323,056_WedFeb25
#010101,49.250000,-123.100000,056_WedFeb25
#070706,49.233700,-123.112747,056_WedFeb25
#1A060D,49.257374,-123.090424,056_WedFeb25
#C498CF,49.261069,-123.125861,056_WedFeb25
#CB73B3,49.282749,-123.109706,056_WedFeb25
#1F191F,49.282009,-123.105713,056_WedFeb25
#A35580,49.287029,-123.115623,056_WedFeb25
#DEDCDF,49.265896,-123.114395,056_WedFeb25
#050401,49.250000,-123.100000,056_WedFeb25
#0F0C0D,49.701667,-123.158889,056_WedFeb25
#560A0A,49.282749,-123.109706,056_WedFeb25
#F7F2F5,49.282765,-123.109641,056_WedFeb25
#A07087,49.284737,-123.096807,056_WedFeb25
#C9C0C4,49.259357,-123.101038,056_WedFeb25
#772555,49.250000,-123.100000,056_WedFeb25
#66041E,49.282749,-123.109706,056_WedFeb25
#C77199,49.279292,-123.095863,056_WedFeb25
#986987,49.282834,-123.120458,056_WedFeb25
#8D7183,49.267013,-123.144989,056_WedFeb25
#16130D,49.282124,-123.098534,056_WedFeb25
#F1F0EF,49.279297,-123.136200,056_WedFeb25
#040304,49.264061,-123.104498,056_WedFeb25
#AC588D,49.260608,-123.101283,056_WedFeb25
#0F060B,49.282234,-123.106254,056_WedFeb25
#090806,49.254456,-123.080432,056_WedFeb25
#9E7A8A,49.224675,-123.108283,056_WedFeb25
#17070D,49.282126,-123.108160,056_WedFeb25
#D274C0,49.282749,-123.109706,056_WedFeb25
#150B0E,49.282325,-123.108887,056_WedFeb25
#040102,49.267250,-123.111656,056_WedFeb25
#E895BD,49.283845,-123.114199,056_WedFeb25
#560D21,49.284313,-123.095337,056_WedFeb25
#5B0C12,49.282749,-123.109706,056_WedFeb25
#AC7B9F,49.220400,-123.071463,056_WedFeb25
#857A77,49.257355,-123.090080,056_WedFeb25
#231B1E,49.224824,-123.107766,056_WedFeb25
#8D3438,49.273431,-123.102373,056_WedFeb25
#080408,49.250000,-123.100000,056_WedFeb25
#24141A,49.258366,-123.097796,056_WedFeb25
#D2B5C7,49.289711,-123.116074,056_WedFeb25
#9D5877,49.253900,-123.090060,056_WedFeb25
#000000,49.289373,-123.122981,056_WedFeb25
#7A6480,49.284042,-123.107463,056_WedFeb25
#080606,49.271990,-123.155210,056_WedFeb25
#C9BFC4,49.283858,-123.109835,056_WedFeb25
#8F5683,49.272533,-123.074735,056_WedFeb25
#E9EBDE,49.267744,-123.119307,056_WedFeb25
#05210C,49.283331,-123.123250,056_WedFeb25
#7E9192,49.289711,-123.116074,056_WedFeb25
#020801,49.283364,-123.116994,056_WedFeb25
#010102,49.288128,-123.114868,056_WedFeb25
#F6F5F6,49.266638,-123.104611,056_WedFeb25
#40252F,49.290880,-123.136390,056_WedFeb25
#030101,49.275333,-123.099881,056_WedFeb25
#ADA6B1,49.276056,-123.115120,056_WedFeb25
#000000,49.288390,-123.130570,056_WedFeb25
#1C080E,49.259129,-123.100769,056_WedFeb25
#1A1E1F,49.289711,-123.116074,056_WedFeb25
#0C0507,49.224675,-123.108283,056_WedFeb25
#050505,49.273681,-123.123927,056_WedFeb25
#070909,49.288390,-123.130570,056_WedFeb25
#DDC2CC,49.287999,-123.137446,056_WedFeb25
#F1F4F5,49.311691,-123.139821,056_WedFeb25
#BFADAF,49.272368,-123.120511,056_WedFeb25
#040101,49.286675,-123.143220,056_WedFeb25
#CCBEC2,49.282020,-123.118750,056_WedFeb25
#0F0F0F,49.282471,-123.117504,056_WedFeb25
#BAC4B7,49.259600,-123.138900,056_WedFeb25
#040404,49.269634,-123.145126,056_WedFeb25
#C5E6E4,49.283991,-123.109813,056_WedFeb25
#F8F3F5,49.288311,-123.116730,056_WedFeb25
#E7E8EF,49.286675,-123.143220,056_WedFeb25
#FEDA99,49.270258,-123.140920,056_WedFeb25
#D24507,49.264687,-123.144761,056_WedFeb25
#9C747C,49.224675,-123.108283,056_WedFeb25
#B076A8,49.274697,-123.076400,056_WedFeb25
#9B7C81,49.283909,-123.116691,056_WedFeb25
#000000,49.264690,-123.079002,056_WedFeb25
#D8E9DB,49.250000,-123.100000,056_WedFeb25
#030203,49.289696,-123.125207,056_WedFeb25
#0F0909,49.279682,-123.117489,056_WedFeb25
#050504,49.250000,-123.100000,056_WedFeb25
#040704,49.266383,-123.102605,056_WedFeb25
#1E281F,49.286675,-123.143220,056_WedFeb25
#10070B,49.283730,-123.106465,056_WedFeb25
#030302,49.264390,-123.101905,056_WedFeb25
#858282,49.279307,-123.110496,056_WedFeb25
#0E0B0D,49.275470,-123.136643,056_WedFeb25
#030102,49.264390,-123.101905,056_WedFeb25
#080C15,49.224760,-123.107897,056_WedFeb25
#B01D52,49.278664,-123.099243,056_WedFeb25
#4D5455,49.275009,-123.122002,056_WedFeb25
#030404,49.284563,-123.124153,056_WedFeb25
#131111,49.284691,-123.114510,056_WedFeb25
#6A060B,49.275363,-123.099876,056_WedFeb25
#122205,49.233762,-123.083794,056_WedFeb25
#0E1D14,49.215792,-123.084824,056_WedFeb25
#070601,49.284981,-123.110840,056_WedFeb25
#101112,49.288609,-123.122716,056_WedFeb25
#FEFEFE,49.280350,-123.122208,056_WedFeb25
#E7CAE4,49.262989,-123.080756,056_WedFeb25
#030001,49.269583,-123.069642,056_WedFeb25
#030202,49.224760,-123.107897,056_WedFeb25
#070706,49.271412,-123.154785,056_WedFeb25
#FEFCFD,49.276665,-123.122788,056_WedFeb25
#281B23,49.300743,-123.130331,056_WedFeb25
#F5ECF2,49.278652,-123.098618,056_WedFeb25
#DFB1CF,49.282684,-123.115288,056_WedFeb25
#040404,49.269310,-123.069694,056_WedFeb25
#AA6889,49.272350,-123.155327,056_WedFeb25
#9F719A,49.263943,-123.145973,056_WedFeb25
#070604,49.287500,-123.116944,056_WedFeb25
#050405,49.264820,-123.109956,056_WedFeb25
#E2E3DA,49.279671,-123.117487,056_WedFeb25
#E9E0E9,49.268980,-123.109636,056_WedFeb25
#010402,49.269454,-123.131054,056_WedFeb25
#937790,49.288071,-123.130814,056_WedFeb25
#E3E2E3,49.264647,-123.138561,056_WedFeb25
#A68F98,49.283190,-123.106638,056_WedFeb25
#0F0107,49.290249,-123.133812,056_WedFeb25
#DB94BF,49.282181,-123.101662,056_WedFeb25
#F6F7FA,49.282324,-123.104399,056_WedFeb25
#CCBDC7,49.279309,-123.102247,056_WedFeb25
#DFF0E6,49.289137,-123.141394,056_WedFeb25
#92636C,49.265255,-123.100043,056_WedFeb25
#B6879C,49.273616,-123.121142,056_WedFeb25
#AD92AD,49.279880,-123.117775,056_WedFeb25
#030A02,49.725567,-123.140907,056_WedFeb25
#EEE7E6,49.266750,-123.113350,056_WedFeb25
#020302,49.279828,-123.121642,056_WedFeb25
#030402,49.267936,-123.157419,056_WedFeb25
#180E1B,49.299042,-123.119904,056_WedFeb25
#0F090C,49.245830,-123.094177,056_WedFeb25
#F6F5F5,49.224760,-123.107897,056_WedFeb25
#F4E1EA,49.300534,-123.116936,056_WedFeb25
#A67E9C,49.264049,-123.115051,056_WedFeb25
#6C6D73,49.283909,-123.116691,056_WedFeb25
#050503,49.282829,-123.109650,056_WedFeb25
#090305,49.283214,-123.103059,056_WedFeb25
#9A6782,49.283668,-123.072067,056_WedFeb25
#F8EDF8,49.262543,-123.091980,056_WedFeb25
#99687F,49.224760,-123.107897,056_WedFeb25
#FDF4FB,49.280720,-123.121391,056_WedFeb25
#046546,49.264713,-123.114540,056_WedFeb25
#8D8183,49.283909,-123.116691,056_WedFeb25
#020101,49.282661,-123.104080,056_WedFeb25
#D9B2B5,49.280248,-123.114811,056_WedFeb25
#1E0A0D,49.269600,-123.141517,056_WedFeb25
#0C0B0D,49.272710,-123.098860,056_WedFeb25
#E5E5E3,49.264647,-123.138561,056_WedFeb25
#020202,49.409821,-123.503433,056_WedFeb25
#F0CEDC,49.278664,-123.099243,056_WedFeb25
#100F18,49.244872,-123.108147,056_WedFeb25
#110707,49.267007,-123.119366,056_WedFeb25
#B26E98,49.279309,-123.102247,056_WedFeb25
#040203,49.250000,-123.100000,056_WedFeb25
#535154,49.271034,-123.133629,056_WedFeb25
#A0637D,49.273135,-123.100583,056_WedFeb25
#1A0A0C,49.279422,-123.098447,056_WedFeb25
#0E0908,49.267007,-123.119366,056_WedFeb25
#411B2C,49.267870,-123.153200,056_WedFeb25
#6E6864,49.287431,-123.112809,056_WedFeb25
#060203,49.269600,-123.141517,056_WedFeb25
#FCFAFC,49.282271,-123.103734,056_WedFeb25
#20060E,49.224760,-123.107897,056_WedFeb25
#58605C,49.275072,-123.121252,056_WedFeb25
#F2EFF0,49.234567,-123.155193,056_WedFeb25
#1E0609,49.268421,-123.103920,056_WedFeb25
#030101,49.276073,-123.076154,056_WedFeb25
#0C0E0D,49.263241,-123.101440,056_WedFeb25
#010404,49.280796,-123.117943,056_WedFeb25
#020202,49.263324,-123.124417,056_WedFeb25
#92767E,49.282834,-123.120458,056_WedFeb25
#764C61,49.266788,-123.098221,056_WedFeb25
#020101,49.281411,-123.074650,056_WedFeb25
#93CAA6,49.274428,-123.152621,056_WedFeb25
#080608,49.287231,-123.142052,056_WedFeb25
#D1B5BA,49.289711,-123.116074,056_WedFeb25
#E6ECE9,49.268185,-123.148155,056_WedFeb25
#010001,49.281079,-123.107744,056_WedFeb25
#110D16,49.279843,-123.117194,056_WedFeb25
#BBB1B5,49.276907,-123.114879,056_WedFeb25
#140B0F,49.262433,-123.091604,056_WedFeb25
#151004,49.259129,-123.100769,056_WedFeb25
#14190A,49.281944,-123.121944,056_WedFeb25
#DFE2E3,49.287500,-123.116944,056_WedFeb25
#010101,49.281422,-123.114161,056_WedFeb25
#E9E8EC,49.286277,-123.121817,056_WedFeb25
#160206,49.285049,-123.125519,056_WedFeb25
#180A14,49.273476,-123.113510,056_WedFeb25
#F9F4F6,49.264049,-123.115051,056_WedFeb25
#0C050A,49.286675,-123.143220,056_WedFeb25
#030202,49.276171,-123.144431,056_WedFeb25
#020102,49.269144,-123.112108,056_WedFeb25
#AE8096,49.282065,-123.121078,056_WedFeb25
#140305,49.263870,-123.137611,056_WedFeb25
#CB7684,49.261200,-123.123056,056_WedFeb25
#DEDFE1,49.273655,-123.127119,056_WedFeb25
#130407,49.284042,-123.107463,056_WedFeb25
#020403,49.264167,-123.101333,056_WedFeb25
#AE5E85,49.283333,-123.106500,056_WedFeb25
#F5EEF1,49.250000,-123.100000,056_WedFeb25
#070504,49.283141,-123.117692,056_WedFeb25
#0D070A,49.277462,-123.115761,056_WedFeb25
#110309,49.250000,-123.100000,056_WedFeb25
#030303,49.276171,-123.144431,056_WedFeb25
#F7F3F5,49.280704,-123.117167,056_WedFeb25
#097B96,49.282834,-123.120458,056_WedFeb25
#C6A7B8,49.278408,-123.118713,056_WedFeb25
#968987,49.284170,-123.114225,056_WedFeb25
#12080B,49.276218,-123.114372,056_WedFeb25
#CFCDCE,49.279682,-123.117489,056_WedFeb25
#130D08,49.283691,-123.103981,056_WedFeb25
#E6E3E7,49.282834,-123.120458,056_WedFeb25
#070605,49.279934,-123.125610,056_WedFeb25
#521223,49.271759,-123.106279,056_WedFeb25
#090201,49.266762,-123.105797,056_WedFeb25
#F896D2,49.257561,-123.139221,056_WedFeb25
#050E09,49.300743,-123.130331,056_WedFeb25
#F8F8F9,49.271856,-123.135008,056_WedFeb25
#F6F4F5,49.278800,-123.127496,056_WedFeb25
#D7BCD3,49.275349,-123.080353,056_WedFeb25
#140A0F,49.277786,-123.098450,056_WedFeb25
#030203,49.267170,-123.107948,056_WedFeb25
#A47594,49.281200,-123.073442,056_WedFeb25
#010101,49.266791,-123.139082,056_WedFeb25
#D2987E,49.276074,-123.119499,056_WedFeb25
#010001,49.183741,-122.843543,056_WedFeb25
#040103,49.289711,-123.116074,056_WedFeb25
#AA7863,49.266111,-123.128811,056_WedFeb25
#F7F4F5,49.282661,-123.109276,056_WedFeb25
#010101,49.289501,-123.121719,056_WedFeb25
#F7F3F5,49.258887,-123.139139,056_WedFeb25
#010102,49.280000,-123.099444,056_WedFeb25
#010101,49.287123,-123.142566,056_WedFeb25
#ABA7B3,49.284992,-123.095489,056_WedFeb25
#110906,49.281041,-123.102000,056_WedFeb25
#F5E8EB,49.282581,-123.105370,056_WedFeb25
#D4CFD1,49.278652,-123.098618,056_WedFeb25
#110B0A,49.286905,-123.129728,056_WedFeb25
#DCDCDC,49.272442,-123.095711,056_WedFeb25
#7B9389,49.242222,-123.115000,056_WedFeb25
#757B84,49.250000,-123.100000,056_WedFeb25
#E2D9DE,49.289588,-123.127209,056_WedFeb25
#B56B9A,49.244444,-123.125556,056_WedFeb25
#0D080C,49.278936,-123.123275,056_WedFeb25
#140A0F,49.277786,-123.098450,056_WedFeb25
#040303,49.283642,-123.106773,056_WedFeb25
#150B0C,49.293286,-123.139987,056_WedFeb25
#FDFAFC,49.250000,-123.100000,056_WedFeb25
#E9DEE5,49.280704,-123.117167,056_WedFeb25
#010000,49.273435,-123.121586,056_WedFeb25
#BDADBF,49.275600,-123.121101,056_WedFeb25
#F4F6F6,49.257368,-123.101407,056_WedFeb25
#E7DEE5,49.282325,-123.108887,056_WedFeb25
#11140F,49.254456,-123.080432,056_WedFeb25
#050505,49.276211,-123.099480,056_WedFeb25
#0A0D0B,49.264049,-123.115051,056_WedFeb25
#422253,49.282375,-123.110000,056_WedFeb25
#030101,49.279639,-123.122613,056_WedFeb25
#1B0E12,49.262120,-123.100957,056_WedFeb25
#140707,49.272446,-123.135264,056_WedFeb25
#090406,49.282487,-123.109480,056_WedFeb25
#020102,49.271418,-123.133671,056_WedFeb25
#160703,49.291030,-123.136781,056_WedFeb25
#050402,49.283573,-123.103950,056_WedFeb25
#020601,49.283180,-123.114578,056_WedFeb25
#110E0A,49.275540,-123.120090,056_WedFeb25
#0C0204,49.271431,-123.076981,056_WedFeb25
#AA6E8A,49.250000,-123.100000,056_WedFeb25
#624E60,49.282834,-123.120458,056_WedFeb25
#12060D,49.280474,-123.124595,056_WedFeb25
#0E0F0E,49.282834,-123.120458,056_WedFeb25
#9D9198,49.279309,-123.102247,056_WedFeb25
#11090C,49.261550,-123.138411,056_WedFeb25
#F4F0F3,49.282500,-123.110000,056_WedFeb25
#F5F3F4,49.264019,-123.105309,056_WedFeb25
#030202,49.275522,-123.129836,056_WedFeb25
#A48695,49.278652,-123.098618,056_WedFeb25
#100C0B,49.282834,-123.120458,056_WedFeb25
#121E15,49.284894,-123.093272,056_WedFeb25
#C362AB,49.219326,-123.147731,056_WedFeb25
#080406,49.278529,-123.098299,056_WedFeb25
#21191D,49.270222,-123.135673,056_WedFeb25
#B67E8F,49.281422,-123.105757,056_WedFeb25
#EBE4EB,49.265896,-123.114395,056_WedFeb25
#160E1B,49.222242,-123.073233,056_WedFeb25
#020303,49.263401,-123.117020,056_WedFeb25
#050204,49.287941,-123.113132,056_WedFeb25
#F0F6F7,49.285743,-123.112586,056_WedFeb25
#040202,49.222242,-123.073233,056_WedFeb25
#010201,49.279549,-123.127006,056_WedFeb25
#A87C8C,49.281455,-123.111310,056_WedFeb25
#D1D8D2,49.300000,-123.140000,056_WedFeb25
#ECD1DC,49.276295,-123.121407,056_WedFeb25
#0C1B10,49.272312,-123.128288,056_WedFeb25
#060002,49.262230,-123.101204,056_WedFeb25
#11090A,49.276859,-123.126373,056_WedFeb25
#9B6B7B,49.278606,-123.115820,056_WedFeb25
#620A15,49.282126,-123.108160,056_WedFeb25
#775657,49.270556,-123.133333,056_WedFeb25
#E5DFE7,49.275871,-123.119797,056_WedFeb25
#130206,49.262230,-123.101204,056_WedFeb25
#040703,49.275593,-123.122135,056_WedFeb25
#DEC1CD,49.280598,-123.097488,056_WedFeb25
#050201,49.271580,-123.106979,056_WedFeb25
#21221E,49.279028,-123.123137,056_WedFeb25
#100307,49.242100,-123.113800,056_WedFeb25
#120409,49.274910,-123.127270,056_WedFeb25
#070707,49.279519,-123.115608,056_WedFeb25
#040303,49.283642,-123.106773,056_WedFeb25
#F1F1F2,49.288385,-123.114121,056_WedFeb25
#706066,49.276108,-123.126755,056_WedFeb25
#6D5C60,49.263445,-123.117238,056_WedFeb25
#FBF7FB,49.234617,-123.157637,056_WedFeb25
#965C79,49.284377,-123.093367,056_WedFeb25
#E9DFE4,49.281455,-123.111310,056_WedFeb25
#171416,49.279645,-123.099864,056_WedFeb25
#080701,49.268285,-123.070005,056_WedFeb25
#10080A,49.287410,-123.118040,056_WedFeb25
#0E0308,49.276913,-123.119873,056_WedFeb25
#C1C5C1,49.291996,-123.134235,056_WedFeb25
#F2E4ED,49.279373,-123.122418,056_WedFeb25
#0B0605,49.289711,-123.116074,056_WedFeb25
#D6ABD1,49.272625,-123.135620,056_WedFeb25
#251F22,49.276793,-123.074822,056_WedFeb25
#0D0708,49.284019,-123.112503,056_WedFeb25
#E5D3D8,49.270813,-123.147293,056_WedFeb25
#010001,49.232006,-123.117801,056_WedFeb25
#B199A7,49.269859,-123.137917,056_WedFeb25
#D25B22,49.288333,-123.117778,056_WedFeb25
#020101,49.277569,-123.113441,056_WedFeb25
#F8F4F8,49.279488,-123.107742,056_WedFeb25
#D2CDD3,49.222242,-123.073233,056_WedFeb25
#240E0E,49.268339,-123.069690,056_WedFeb25
#B07994,49.282181,-123.101662,056_WedFeb25
#E5D1D2,49.284242,-123.118597,056_WedFeb25
#546055,49.284018,-123.108928,056_WedFeb25
#070406,49.282124,-123.098534,056_WedFeb25
#030203,49.222242,-123.073233,056_WedFeb25
#020701,49.281944,-123.121944,056_WedFeb25
#E5DDE0,49.289822,-123.127922,056_WedFeb25
#EBE9EF,49.282324,-123.104399,056_WedFeb25
#120308,49.282675,-123.094254,056_WedFeb25
#1D0E1D,49.250000,-123.100000,056_WedFeb25
#040703,49.272215,-123.146949,056_WedFeb25
#AF838B,49.224760,-123.107897,056_WedFeb25
#010100,49.279828,-123.121642,056_WedFeb25
#030202,49.279270,-123.129776,056_WedFeb25
#94557A,49.257374,-123.090424,056_WedFeb25
#F6E6F0,49.283218,-123.122360,056_WedFeb25
#186E57,49.280491,-123.120567,056_WedFeb25
#FBF7F5,49.250000,-123.100000,056_WedFeb25
#160104,49.263232,-123.110453,056_WedFeb25
#957F9A,49.263660,-123.136532,056_WedFeb25
#E0B7D6,49.263339,-123.115795,056_WedFeb25
#07DF63,49.293286,-123.139987,056_WedFeb25
#010101,49.276170,-123.119655,056_WedFeb25
#F2E7EE,49.281455,-123.111310,056_WedFeb25
#EECAE7,49.275814,-123.122162,056_WedFeb25
#A57A8B,49.282663,-123.124930,056_WedFeb25
#96928A,49.272625,-123.135620,056_WedFeb25
#967284,49.245830,-123.094177,056_WedFeb25
#020302,49.291466,-123.127777,056_WedFeb25
#F5E6F4,49.288396,-123.130503,056_WedFeb25
#090102,49.263641,-123.149834,056_WedFeb25
#76938B,49.284538,-123.109901,056_WedFeb25
#1B0306,49.282956,-123.118416,056_WedFeb25
#955878,49.281582,-123.132507,056_WedFeb25
#120505,49.265808,-123.104149,056_WedFeb25
#040603,49.282271,-123.103734,056_WedFeb25
#040504,49.279519,-123.115608,056_WedFeb25
#1A0C0F,49.263660,-123.136532,056_WedFeb25
#060306,49.283598,-123.104817,056_WedFeb25
#5C4E57,49.267079,-123.137473,056_WedFeb25
#B66F9C,49.289711,-123.116074,056_WedFeb25
#BE9EAF,49.273616,-123.121142,056_WedFeb25
#AB9AA4,49.250000,-123.100000,056_WedFeb25
#E5DDE3,49.281455,-123.111310,056_WedFeb25
#E6E9E9,49.282574,-123.111343,056_WedFeb25
#010501,49.278969,-123.101341,056_WedFeb25
#5E3C09,49.282684,-123.115288,056_WedFeb25
#F9EDF5,49.268295,-123.155418,056_WedFeb25
#070306,49.281455,-123.111310,056_WedFeb25
#BF9BAC,49.284264,-123.109198,056_WedFeb25
#62410E,49.282684,-123.115288,056_WedFeb25
#C05797,49.252625,-123.068123,056_WedFeb25
#6F5259,49.245960,-123.100861,056_WedFeb25
#F0E9ED,49.284035,-123.117516,056_WedFeb25
#BFC0B5,49.300000,-123.140000,056_WedFeb25
#E6D5DF,49.263149,-123.105270,056_WedFeb25
#100D07,49.288385,-123.114121,056_WedFeb25
#838080,49.263660,-123.136532,056_WedFeb25
#D7D2DC,49.281455,-123.111310,056_WedFeb25
#ECE2E9,49.266529,-123.139580,056_WedFeb25
#020101,49.263641,-123.149834,056_WedFeb25
#C0D2D2,49.260872,-123.113953,056_WedFeb25
#100906,49.238990,-123.129839,056_WedFeb25
#D8BCCF,49.300743,-123.130331,056_WedFeb25
#5B0B12,49.277771,-123.099190,056_WedFeb25
#A9ACAC,49.260872,-123.113953,056_WedFeb25
#030101,49.282520,-123.107964,056_WedFeb25
#060405,49.300000,-123.140000,056_WedFeb25
#FEFEFE,49.277069,-123.125732,056_WedFeb25
#19090B,49.290610,-123.137140,056_WedFeb25
#EF4A2B,49.283573,-123.103950,056_WedFeb25
#020001,49.280804,-123.107742,056_WedFeb25
#060705,49.281874,-123.124205,056_WedFeb25
#926870,49.258867,-123.115844,056_WedFeb25
#040101,49.290437,-123.121587,056_WedFeb25
#C99EB8,49.270340,-123.141370,056_WedFeb25
#A99FDE,49.266769,-123.142197,056_WedFeb25
#EEEDE2,49.283190,-123.106638,056_WedFeb25
#11070F,49.264111,-123.110169,056_WedFeb25
#E6E9E7,49.283156,-123.109243,056_WedFeb25
#010100,49.280159,-123.122253,056_WedFeb25
#58525D,49.281848,-123.117093,056_WedFeb25
#040505,49.244379,-123.151923,056_WedFeb25
#6B495A,49.280216,-123.098594,056_WedFeb25
#C4C9DB,49.267799,-123.148819,056_WedFeb25
#050401,49.289711,-123.116074,056_WedFeb25
#1C1A19,49.269400,-123.123800,056_WedFeb25
#040402,49.283141,-123.117692,056_WedFeb25
#EBEEED,49.287941,-123.113132,056_WedFeb25
#986E8C,49.268967,-123.102936,056_WedFeb25
#1C1D1C,49.282672,-123.102342,056_WedFeb25
#8B6578,49.280216,-123.098594,056_WedFeb25
#AFBFB5,49.288128,-123.114868,056_WedFeb25
#BBA5AE,49.282324,-123.104399,056_WedFeb25
#030102,49.242222,-123.115000,056_WedFeb25
#0A0B08,49.283691,-123.103455,056_WedFeb25
#020202,49.279178,-123.131025,056_WedFeb25
#5A0B11,49.285170,-123.120040,056_WedFeb25
#040303,49.281110,-123.023565,056_WedFeb25
#F3EBF2,49.269859,-123.137917,056_WedFeb25
#9D0C0A,49.284894,-123.093272,056_WedFeb25
#060404,49.281455,-123.111310,056_WedFeb25
#080506,49.284861,-123.122912,056_WedFeb25
#1F1F1E,49.278385,-123.098656,056_WedFeb25
#020402,49.270634,-123.069466,056_WedFeb25
#8A1C1C,49.281455,-123.111310,056_WedFeb25
#DAD6DB,49.257351,-123.093419,056_WedFeb25
#21191B,49.289711,-123.116074,056_WedFeb25
#806073,49.289711,-123.116074,056_WedFeb25
#675F6E,49.281703,-123.105819,056_WedFeb25
#D3D1D5,49.277577,-123.098100,056_WedFeb25
#E7E5E7,49.283389,-123.109077,056_WedFeb25
#0E0906,49.258022,-123.100944,056_WedFeb25
#935B82,49.289711,-123.116074,056_WedFeb25
#F4EEF2,49.300743,-123.130331,056_WedFeb25
#030202,49.283098,-123.117951,056_WedFeb25
#050404,49.273364,-123.097832,056_WedFeb25
#11090C,49.280237,-123.123904,056_WedFeb25
#050502,49.283190,-123.106638,056_WedFeb25
#06851C,49.250000,-123.100000,056_WedFeb25
#110304,49.258022,-123.100944,056_WedFeb25
#C5AFBC,49.259043,-123.099839,056_WedFeb25
#F6EBF2,49.250000,-123.100000,056_WedFeb25
#47192A,49.280704,-123.117167,056_WedFeb25
#17130B,49.277462,-123.115761,056_WedFeb25
#9F8A94,49.284401,-123.123970,056_WedFeb25
#C47D9D,49.290365,-123.133573,056_WedFeb25
#0A0908,49.264036,-123.100813,056_WedFeb25
#E8DDE1,49.250000,-123.100000,056_WedFeb25
#D7BCC9,49.283138,-123.118855,056_WedFeb25
#060606,49.281067,-123.102051,056_WedFeb25
#D0E7E0,49.300000,-123.140000,056_WedFeb25
#090904,49.272625,-123.135620,056_WedFeb25
#AA8B9A,48.985600,-123.077000,056_WedFeb25
#16975A,49.289015,-123.125307,056_WedFeb25
#020201,49.280659,-123.100861,056_WedFeb25
#1E1B1C,49.258060,-123.114670,056_WedFeb25
#F7FAF8,49.285106,-123.102149,056_WedFeb25
#93637D,49.263383,-123.119147,056_WedFeb25
#5C6161,49.271856,-123.135008,056_WedFeb25
#A58298,49.283588,-123.113770,056_WedFeb25
#030602,49.234688,-123.157271,056_WedFeb25
#030202,49.280170,-123.118309,056_WedFeb25
#1A0F13,49.285616,-123.120157,056_WedFeb25
#150408,49.276295,-123.121407,056_WedFeb25
#050304,49.280310,-123.122030,056_WedFeb25
#040504,49.280448,-123.121141,056_WedFeb25
#020201,49.280659,-123.100861,056_WedFeb25
#D5E3DA,49.284651,-123.112038,056_WedFeb25
#120B13,49.287220,-123.120483,056_WedFeb25
#0F0C0C,49.282009,-123.105713,056_WedFeb25
#10060B,49.282826,-123.104485,056_WedFeb25
#B080A2,49.269859,-123.137917,056_WedFeb25
#010101,49.285616,-123.120157,056_WedFeb25
#050204,49.259603,-123.070535,056_WedFeb25
#A57A90,49.233414,-123.116847,056_WedFeb25
#6B5361,49.285805,-123.130433,056_WedFeb25
#EBD3D5,49.267966,-123.148627,056_WedFeb25
#AC6088,49.281944,-123.121944,056_WedFeb25
#ECE6EB,49.266383,-123.102605,056_WedFeb25
#1F2420,49.268837,-123.102978,056_WedFeb25
#070303,49.286477,-123.118190,056_WedFeb25
#CB9461,49.270797,-123.132292,056_WedFeb25
#050704,49.252914,-123.100739,056_WedFeb25
#020201,49.289746,-123.125105,056_WedFeb25
#DED3D8,49.265896,-123.114395,056_WedFeb25
#0C0907,49.282020,-123.118750,056_WedFeb25
#E1E3E5,49.289798,-123.117102,056_WedFeb25
#C3C1C4,49.284572,-123.124657,056_WedFeb25
#C3B1BD,49.284861,-123.122912,056_WedFeb25
#010101,49.283180,-123.114578,056_WedFeb25
#EDE1E5,49.258647,-123.079396,056_WedFeb25
#040404,49.283156,-123.109243,056_WedFeb25
#11100C,49.300000,-123.140000,056_WedFeb25
#EBEBEA,49.286446,-123.115364,056_WedFeb25
#E395B9,49.269400,-123.123800,056_WedFeb25
#0E0D0C,49.269955,-123.108247,056_WedFeb25
#8FB19C,49.280159,-123.122253,056_WedFeb25
#151915,49.270133,-123.109198,056_WedFeb25
#5E5456,49.282443,-123.118320,056_WedFeb25
#ECE8EC,49.278652,-123.098618,056_WedFeb25
#040203,49.269859,-123.137917,056_WedFeb25
#190E09,49.271856,-123.135008,056_WedFeb25
#040101,49.281422,-123.123144,056_WedFeb25
#851865,49.284789,-123.115067,056_WedFeb25
#030304,49.300000,-123.140000,056_WedFeb25
#B6809F,49.261120,-123.101697,056_WedFeb25
#150C0D,49.255845,-123.085492,056_WedFeb25
#040305,49.292253,-123.133217,056_WedFeb25
#0F0308,49.284696,-123.110203,056_WedFeb25
#634E59,49.292253,-123.133217,056_WedFeb25
#575254,49.290287,-123.121025,056_WedFeb25
#680F1B,49.281804,-123.106025,056_WedFeb25
#D8EAE5,49.278291,-123.091147,056_WedFeb25
#11080A,49.300000,-123.140000,056_WedFeb25
#0D0508,49.264671,-123.114647,056_WedFeb25
#070306,49.263576,-123.099892,056_WedFeb25
#B1A4A7,49.278385,-123.098656,056_WedFeb25
#030102,49.274642,-123.122509,056_WedFeb25
#DEE1DF,49.282012,-123.104173,056_WedFeb25
#66766E,49.250000,-123.100000,056_WedFeb25
#EABCC8,49.283691,-123.103455,056_WedFeb25
#1C0206,49.284170,-123.114225,056_WedFeb25
#030302,49.257662,-123.069911,056_WedFeb25
#F4F2F3,49.257198,-123.100853,056_WedFeb25
#26E5F3,49.250000,-123.100000,056_WedFeb25
#14040B,49.259541,-123.100975,056_WedFeb25
#FBF3F6,49.288990,-123.127533,056_WedFeb25
#030101,49.312111,-123.074020,056_WedFeb25
#010001,49.284111,-123.111565,056_WedFeb25
#030101,49.281804,-123.106025,056_WedFeb25
#120308,49.256593,-123.102003,056_WedFeb25
#D00980,49.277577,-123.098100,056_WedFeb25
#D4C8CA,49.285616,-123.120157,056_WedFeb25
#B76791,49.283730,-123.106465,056_WedFeb25
#C2A3B5,49.282826,-123.104485,056_WedFeb25
#0B1007,49.284789,-123.115067,056_WedFeb25
#D5DDD4,49.276310,-123.125092,056_WedFeb25
#6F0E1F,49.282324,-123.104399,056_WedFeb25
#190211,49.285606,-123.129330,056_WedFeb25
#060001,49.282162,-123.107964,056_WedFeb25
#A4686C,49.256854,-123.089547,056_WedFeb25
#F0F1F2,49.261200,-123.123056,056_WedFeb25
#020102,49.270313,-123.132896,056_WedFeb25
#626368,49.281921,-123.069969,056_WedFeb25
#E3C5CA,49.283691,-123.103455,056_WedFeb25
#EEEBED,49.300000,-123.140000,056_WedFeb25
#E7E3E5,49.287941,-123.113132,056_WedFeb25
#020202,49.232568,-123.154990,056_WedFeb25
#161009,49.242477,-123.089092,056_WedFeb25
#030501,49.282433,-123.108856,056_WedFeb25
#B4BEB2,49.282127,-123.102028,056_WedFeb25
#CFBBC3,49.254116,-123.101013,056_WedFeb25
#0F0F0E,49.280237,-123.123904,056_WedFeb25
#BC8F9E,49.279682,-123.117489,056_WedFeb25
#13100A,49.287029,-123.115623,056_WedFeb25
#F6ECF8,49.284225,-123.109016,056_WedFeb25
#C6D0CB,49.242222,-123.115000,056_WedFeb25
#040001,49.281804,-123.106025,056_WedFeb25
#040403,49.273435,-123.121586,056_WedFeb25
#040303,49.283623,-123.103828,056_WedFeb25
#180C0B,49.279270,-123.129776,056_WedFeb25
#D7B1C6,49.282210,-123.104227,056_WedFeb25
#040403,49.279551,-123.103416,056_WedFeb25
#734151,49.250000,-123.100000,056_WedFeb25
#E2E2E0,49.293286,-123.139987,056_WedFeb25
#726C74,49.275363,-123.099876,056_WedFeb25
#FBF9FB,49.282271,-123.103734,056_WedFeb25
#665262,49.281422,-123.107403,056_WedFeb25
#8F6B7E,49.284599,-123.108887,056_WedFeb25
#D8F0E6,49.271856,-123.135008,056_WedFeb25
#140609,49.248582,-123.101020,056_WedFeb25
#040101,49.259209,-123.100873,056_WedFeb25
#010101,49.283100,-123.122420,056_WedFeb25
#040504,49.284313,-123.095337,056_WedFeb25
#F1F1F1,49.280937,-123.124573,056_WedFeb25
#120B07,49.224760,-123.107897,056_WedFeb25
#DDDCDD,49.284992,-123.095489,056_WedFeb25
#97638A,49.273296,-123.129241,056_WedFeb25
#1A0620,49.261522,-123.156711,056_WedFeb25
#202020,49.286675,-123.143220,056_WedFeb25
#160506,49.281804,-123.106025,056_WedFeb25
#190D10,49.278351,-123.122139,056_WedFeb25
#FAF3F8,49.282001,-123.107201,056_WedFeb25
#B46A90,49.250000,-123.100000,056_WedFeb25
#191114,49.272625,-123.135620,056_WedFeb25
#BCCBC6,49.255822,-123.098590,056_WedFeb25
#040503,49.250000,-123.100000,056_WedFeb25
#DADDDE,49.278173,-123.098370,056_WedFeb25
#150F10,49.273353,-123.103411,056_WedFeb25
#FDFBFC,49.264597,-123.112065,056_WedFeb25
#E4E5E8,49.278304,-123.112944,056_WedFeb25
#373B37,49.272625,-123.135620,056_WedFeb25
#C9E2D3,49.288128,-123.114868,056_WedFeb25
#F7DFEA,49.284616,-123.095534,056_WedFeb25
#E3DFE0,49.273722,-123.097917,056_WedFeb25
#491056,49.271856,-123.135008,056_WedFeb25
#E9D7E9,49.275723,-123.128128,056_WedFeb25
#9A767A,49.283668,-123.072067,056_WedFeb25
#E5ECE0,49.282989,-123.124039,056_WedFeb25
#E2E2E2,49.238990,-123.129839,056_WedFeb25
#010400,49.276211,-123.099480,056_WedFeb25
#CFC3CB,49.272215,-123.146949,056_WedFeb25
#020102,49.289711,-123.116074,056_WedFeb25
#EEEDEF,49.276516,-123.069633,056_WedFeb25
#050401,49.272625,-123.135620,056_WedFeb25
#A6ABAA,49.283726,-123.071889,056_WedFeb25
#060403,20.678226,-103.372425,056_WedFeb25
#030202,49.272625,-123.135620,056_WedFeb25
#D1C8CD,49.283691,-123.103455,056_WedFeb25
#E8D1E9,49.271034,-123.133629,056_WedFeb25
#62DEB2,49.284572,-123.124657,056_WedFeb25
#AC7DA3,49.278526,-123.124397,056_WedFeb25
#020502,49.286675,-123.143220,056_WedFeb25
#020202,49.283051,-123.110077,056_WedFeb25
#010001,49.278038,-123.109234,056_WedFeb25
#F6F6F6,49.275349,-123.080353,056_WedFeb25
#69050A,49.268242,-123.152428,056_WedFeb25
#6C7078,49.279573,-123.138529,056_WedFeb25
#621021,49.272660,-123.147371,056_WedFeb25
#B874AA,49.268285,-123.070005,056_WedFeb25
#F2E9F3,49.288390,-123.130570,056_WedFeb25
#7E8785,49.250000,-123.100000,056_WedFeb25
#191C17,49.284042,-123.107463,056_WedFeb25
#EAE3E8,49.254456,-123.080432,056_WedFeb25
#040503,49.286148,-123.124516,056_WedFeb25
#521C19,49.286675,-123.143220,056_WedFeb25
#6A9FA6,49.268013,-123.154892,056_WedFeb25
#FAFBFB,49.285063,-123.120397,056_WedFeb25
#201819,49.283399,-123.122891,056_WedFeb25
#200C0E,49.279828,-123.121642,056_WedFeb25
#D9C6D4,49.281455,-123.111310,056_WedFeb25
#0E0206,49.284981,-123.110840,056_WedFeb25
#F3F2F4,49.283672,-123.119956,056_WedFeb25
#120A09,49.274428,-123.152621,056_WedFeb25
#BDB8A9,49.261720,-123.138803,056_WedFeb25
#F5F0F4,49.281455,-123.111310,056_WedFeb25
#E6B9C0,49.267744,-123.119307,056_WedFeb25
#E8DEE3,49.279934,-123.125610,056_WedFeb25
#110205,49.292465,-123.129150,056_WedFeb25
#1D975E,49.285000,-123.134000,056_WedFeb25
#0C090B,49.281944,-123.121944,056_WedFeb25
#040000,49.264240,-123.101410,056_WedFeb25
#F5EDF3,49.281455,-123.111310,056_WedFeb25
#A4939E,49.280960,-123.077370,056_WedFeb25
#151514,49.283108,-123.118874,056_WedFeb25
#91244D,49.267744,-123.119307,056_WedFeb25
#030603,49.283330,-123.115540,056_WedFeb25
#E8F3EC,49.283397,-123.103647,056_WedFeb25
#040102,49.264675,-123.139557,056_WedFeb25
#E1E4E3,49.283588,-123.113770,056_WedFeb25
#F1EBED,49.262989,-123.080756,056_WedFeb25
#030203,49.282009,-123.105713,056_WedFeb25
#E7E6E4,49.282834,-123.120458,056_WedFeb25
#18030B,49.284308,-123.095509,056_WedFeb25
#011E03,49.281708,-123.120598,056_WedFeb25
#B67791,49.286297,-123.118488,056_WedFeb25
#060304,49.282698,-123.128576,056_WedFeb25
#111210,49.283108,-123.118874,056_WedFeb25
#72A289,49.263333,-123.157778,056_WedFeb25
#010201,49.278038,-123.109234,056_WedFeb25
#ACAAA7,49.257721,-123.100960,056_WedFeb25
#9CE8B5,49.282556,-123.107694,056_WedFeb25
#070303,49.281455,-123.111310,056_WedFeb25
#2A2D2A,49.276802,-123.126465,056_WedFeb25
#6D4D66,49.280796,-123.117943,056_WedFeb25
#020201,49.267538,-123.119380,056_WedFeb25
#040304,49.276710,-123.124680,056_WedFeb25
#DDD9DA,49.281540,-123.138985,056_WedFeb25
#F1F1EF,49.254456,-123.080432,056_WedFeb25
#000300,49.280720,-123.121391,056_WedFeb25
#180708,49.281678,-123.133362,056_WedFeb25
#120D12,49.268053,-123.143285,056_WedFeb25
#040303,49.283190,-123.106638,056_WedFeb25
#000201,49.281271,-123.098454,056_WedFeb25
#0D0B0A,49.300000,-123.140000,056_WedFeb25
#B4525F,49.278358,-123.120793,056_WedFeb25
#ECDAE6,49.268383,-123.100843,056_WedFeb25
#977A82,49.286820,-123.114495,056_WedFeb25
#A78BA0,49.300000,-123.140000,056_WedFeb25
#110E0F,49.286057,-123.131445,056_WedFeb25
#ECE3E8,49.283588,-123.113770,056_WedFeb25
#110407,49.283421,-123.104652,056_WedFeb25
#4F504F,49.280704,-123.117167,056_WedFeb25
#040304,49.300000,-123.140000,056_WedFeb25
#000600,49.280720,-123.121391,056_WedFeb25
#1A0609,49.274921,-123.123207,056_WedFeb25
#040301,49.300000,-123.140000,056_WedFeb25
#F0EFF0,49.260260,-123.138587,056_WedFeb25
#0C080A,49.282834,-123.120458,056_WedFeb25
#FAF7F9,49.263920,-123.141258,056_WedFeb25
#712B44,49.254883,-123.153079,056_WedFeb25
#060300,49.265980,-123.069321,056_WedFeb25
#F8DEEA,49.282028,-123.117691,056_WedFeb25
#230C16,49.271856,-123.135008,056_WedFeb25
#72999F,49.264877,-123.069862,056_WedFeb25
#020101,49.286537,-123.134079,056_WedFeb25
#0E0A08,49.270500,-123.143608,056_WedFeb25
#B3476F,49.265766,-123.100643,056_WedFeb25
#050002,49.277778,-123.143333,056_WedFeb25
#707F76,49.282661,-123.109276,056_WedFeb25
#E9F8F1,49.282251,-123.104201,056_WedFeb25
#EBE8E9,49.262405,-123.074268,056_WedFeb25
#71BF9D,49.276665,-123.122788,056_WedFeb25
#090A09,49.276665,-123.122788,056_WedFeb25
#6F505A,49.282620,-123.116921,056_WedFeb25
#A66E6B,49.285063,-123.120397,056_WedFeb25
#BA688B,49.250000,-123.100000,056_WedFeb25
#D7D7D2,49.281064,-123.122310,056_WedFeb25
#130709,49.272625,-123.135620,056_WedFeb25
#08F193,49.282325,-123.108887,056_WedFeb25
#1B0C07,49.271900,-123.135620,056_WedFeb25
#7FC49F,49.278833,-123.117442,056_WedFeb25
#010202,49.280160,-123.116410,056_WedFeb25
#020202,49.284962,-123.124396,056_WedFeb25
#0C0A04,49.282433,-123.108856,056_WedFeb25
#040302,49.279842,-123.069003,056_WedFeb25
#842254,49.263038,-123.114722,056_WedFeb25
#BFB6BD,49.284322,-123.115368,056_WedFeb25
#11070A,49.276665,-123.122788,056_WedFeb25
#F5EEF4,49.250000,-123.100000,056_WedFeb25
#5FF7A1,49.289923,-123.126048,056_WedFeb25
#1B0B0F,49.280213,-123.120334,056_WedFeb25
#100F0F,49.282588,-123.116180,056_WedFeb25
#1F0C0F,49.288311,-123.116730,056_WedFeb25
#010100,49.276665,-123.122788,056_WedFeb25
#FCFAFC,49.266638,-123.104611,056_WedFeb25
#C6DDD0,49.269400,-123.123800,056_WedFeb25
#120E09,49.250000,-123.100000,056_WedFeb25
#F8EFF4,49.284572,-123.124657,056_WedFeb25
#D7CCD4,49.260006,-123.138896,056_WedFeb25
#EAE8E9,49.216901,-123.077238,056_WedFeb25
#1F171C,49.242222,-123.115000,056_WedFeb25
#010101,49.246155,-123.101036,056_WedFeb25
#000100,49.279270,-123.129776,056_WedFeb25
#D8BFC8,49.265896,-123.114395,056_WedFeb25
#0E0E0C,49.274807,-123.122024,056_WedFeb25
#050303,49.290540,-123.133957,056_WedFeb25
#B99DAB,49.282834,-123.120458,056_WedFeb25
#100306,49.269264,-123.104463,056_WedFeb25
#EAE3EA,49.260937,-123.138969,056_WedFeb25
#F9F0D5,49.282970,-123.101840,056_WedFeb25
#1A0B0A,49.290737,-123.124617,056_WedFeb25
#1C0409,49.283220,-123.119157,056_WedFeb25
#1F1C20,49.250000,-123.100000,056_WedFeb25
#030001,49.274311,-123.123123,056_WedFeb25
#141210,49.271163,-123.110834,056_WedFeb25
#867880,49.269572,-123.141372,056_WedFeb25
#050705,49.285063,-123.120397,056_WedFeb25
#070204,49.269859,-123.137917,056_WedFeb25
#170C0A,49.270556,-123.133333,056_WedFeb25
#A5B3AA,49.269400,-123.123800,056_WedFeb25
#F0EDEF,49.282500,-123.110000,056_WedFeb25
#FAF3F6,49.272625,-123.135620,056_WedFeb25
#F1EAEF,49.270556,-123.133333,056_WedFeb25
#6E545A,49.270556,-123.133333,056_WedFeb25
#090708,49.277462,-123.115761,056_WedFeb25
#FDFBFC,49.246177,-123.101330,056_WedFeb25
#030802,49.270556,-123.133333,056_WedFeb25
#BDB6A7,49.255460,-123.127550,056_WedFeb25
#F9F8F8,49.280796,-123.117943,056_WedFeb25
#040403,49.285520,-123.123742,056_WedFeb25
#B09B99,49.270130,-123.079360,056_WedFeb25
#FCF9FA,49.282765,-123.109641,056_WedFeb25
#090D08,49.288657,-123.117697,056_WedFeb25
#090305,49.284752,-123.114418,056_WedFeb25
#272223,49.280404,-123.075874,056_WedFeb25
#5C0622,49.258344,-123.138745,056_WedFeb25
#9E607D,49.282852,-123.115857,056_WedFeb25
#060505,49.252008,-123.101656,056_WedFeb25
#FBF9FA,49.248562,-123.154511,056_WedFeb25
#BDBFBD,49.233219,-123.117211,056_WedFeb25
#0F070C,49.231569,-123.087383,056_WedFeb25
#5D5958,49.272625,-123.135620,056_WedFeb25
#86050F,49.261980,-123.114771,056_WedFeb25
#020402,49.288026,-123.113001,056_WedFeb25
#AD164C,49.275009,-123.122002,056_WedFeb25
#120B07,49.283646,-123.106596,056_WedFeb25
#EEE9ED,49.276516,-123.069633,056_WedFeb25
#010102,49.273158,-123.119131,056_WedFeb25
#8B0C10,49.282834,-123.120458,056_WedFeb25
#E1A1BD,49.278676,-123.127605,056_WedFeb25
#150D10,49.226855,-123.121408,056_WedFeb25
#E7F1ED,49.287224,-123.113916,056_WedFeb25
#090606,49.285017,-123.119924,056_WedFeb25
#101108,49.275009,-123.122002,056_WedFeb25
#130208,49.284308,-123.095509,056_WedFeb25
#E2F4ED,49.250000,-123.100000,056_WedFeb25
#7A4D60,49.270340,-123.069964,056_WedFeb25
#0F0109,49.287960,-123.140495,056_WedFeb25
#211C1A,49.283138,-123.130570,056_WedFeb25
#C1D7CC,49.281944,-123.121944,056_WedFeb25
#FEFBFD,49.280796,-123.117943,056_WedFeb25
#150C09,49.276793,-123.074822,056_WedFeb25
#98748D,49.288396,-123.130503,056_WedFeb25
#010101,49.280065,-123.121650,056_WedFeb25
#171112,49.270222,-123.135673,056_WedFeb25
#040304,49.287999,-123.137446,056_WedFeb25
#0C0507,49.282120,-123.109520,056_WedFeb25
#AF798D,49.250000,-123.100000,056_WedFeb25
#030203,49.283726,-123.109711,056_WedFeb25
#100509,49.250000,-123.100000,056_WedFeb25
#EEE9ED,49.281455,-123.111310,056_WedFeb25
#F9F2F6,49.243771,-123.154182,056_WedFeb25
#020302,49.250000,-123.100000,056_WedFeb25
#051606,49.282829,-123.109650,056_WedFeb25
#040101,49.249550,-123.089684,056_WedFeb25
#5C565C,49.273237,-123.124739,056_WedFeb25
#F1F0ED,49.284018,-123.108928,056_WedFeb25
#B39FB1,49.275349,-123.080353,056_WedFeb25
#020201,49.281455,-123.111310,056_WedFeb25
#030102,49.281750,-123.085503,056_WedFeb25
#020301,49.274921,-123.123207,056_WedFeb25
#160410,49.285698,-123.124687,056_WedFeb25
#CBC3C0,49.280370,-123.101655,056_WedFeb25
#540621,49.285152,-123.118416,056_WedFeb25
#8D738D,49.232218,-123.090580,056_WedFeb25
#040503,49.285160,-123.126297,056_WedFeb25
#010101,49.289530,-123.130151,056_WedFeb25
#190C0F,49.283098,-123.117951,056_WedFeb25
#10090C,49.272625,-123.135620,056_WedFeb25
#E0D9DE,49.262989,-123.080756,056_WedFeb25
#1C1A18,49.280449,-123.102127,056_WedFeb25
#75848C,49.288033,-123.114475,056_WedFeb25
#1A1B1B,49.287224,-123.113916,056_WedFeb25
#16090D,49.281067,-123.102051,056_WedFeb25
#E8DFE6,49.269859,-123.137917,056_WedFeb25
#5D6267,49.250000,-123.100000,056_WedFeb25
#14080C,49.256821,-123.089188,056_WedFeb25
#040203,49.262161,-123.089630,056_WedFeb25
#84707D,49.257662,-123.069911,056_WedFeb25
#C4A1B0,49.250011,-123.100815,056_WedFeb25
#201D1F,49.278386,-123.116439,056_WedFeb25
#B1C4BE,49.250000,-123.100000,056_WedFeb25
#0F0B11,49.285698,-123.124687,056_WedFeb25
#F3D9E6,49.281455,-123.111310,056_WedFeb25
#160C0C,49.272625,-123.135620,056_WedFeb25
#10100E,49.281836,-123.110778,056_WedFeb25
#060101,49.276100,-123.121140,056_WedFeb25
#060703,49.300000,-123.140000,056_WedFeb25
#C5C2C7,49.278415,-123.110424,056_WedFeb25
#0A0505,49.282245,-123.067163,056_WedFeb25
#997A8E,49.250011,-123.100815,056_WedFeb25
#BCAAB2,49.232006,-123.117801,056_WedFeb25
#C6E9D6,49.288033,-123.114475,056_WedFeb25
#0E0706,49.300000,-123.140000,056_WedFeb25
#F5EFF1,49.268261,-123.153389,056_WedFeb25
#EEE1E8,49.281455,-123.111310,056_WedFeb25
#FAEEED,49.281422,-123.105241,056_WedFeb25
#635359,49.300000,-123.140000,056_WedFeb25
#020102,49.250011,-123.100815,056_WedFeb25
#502C45,49.287767,-123.142044,056_WedFeb25
#0F0609,49.264820,-123.109956,056_WedFeb25
#010101,49.283113,-123.132779,056_WedFeb25
#2B533F,49.701667,-123.158889,056_WedFeb25
#40252F,49.290880,-123.136390,056_WedFeb25
#027725,49.282555,-123.093599,056_WedFeb25
#BCA2B4,49.300000,-123.140000,056_WedFeb25
#D8C8CF,49.276394,-123.125152,056_WedFeb25
#221D1E,49.281963,-123.107247,056_WedFeb25
#906282,49.281429,-123.088829,056_WedFeb25
#E0DCDE,49.268013,-123.154892,056_WedFeb25
#030103,49.300000,-123.140000,056_WedFeb25
#F5F8F5,49.259603,-123.070535,056_WedFeb25
#892154,49.278573,-123.116909,056_WedFeb25
#010101,49.280315,-123.121681,056_WedFeb25
#020001,49.283668,-123.090881,056_WedFeb25
#0D0B0A,49.256748,-123.101532,056_WedFeb25
#201B1A,49.300000,-123.140000,056_WedFeb25
#100D0A,49.300000,-123.140000,056_WedFeb25
#0D0505,49.281455,-123.111310,056_WedFeb25
#906574,49.282009,-123.105713,056_WedFeb25
#100E0A,49.300000,-123.140000,056_WedFeb25
#070606,49.300000,-123.140000,056_WedFeb25
#120706,49.292648,-123.128988,056_WedFeb25
#DFCFD6,49.268215,-123.150085,056_WedFeb25
#695055,49.282989,-123.124039,056_WedFeb25
#5FA04D,49.281370,-123.101870,056_WedFeb25
#F2EDEF,49.271418,-123.133671,056_WedFeb25
#EBF9F2,49.300000,-123.140000,056_WedFeb25
#0E0504,49.283913,-123.124016,056_WedFeb25
#060303,49.282271,-123.103734,056_WedFeb25
#0D0707,49.280077,-123.127077,056_WedFeb25
#001D05,49.300743,-123.130331,056_WedFeb25
#0F110F,49.284249,-123.108278,056_WedFeb25
#010101,49.268215,-123.150085,056_WedFeb25
#5D5053,49.274529,-123.069639,056_WedFeb25
#C71C67,49.280552,-123.101929,056_WedFeb25
#C4D4C9,49.283333,-123.119217,056_WedFeb25
#FAFAFC,49.300000,-123.140000,056_WedFeb25
#221426,49.277778,-123.143333,056_WedFeb25
#F9F8F8,49.264019,-123.105309,056_WedFeb25
#E0D6E1,49.262989,-123.080756,056_WedFeb25
#041109,49.287941,-123.113132,056_WedFeb25
#081A0F,49.287941,-123.113132,056_WedFeb25
#EEE9EE,49.282039,-123.099933,056_WedFeb25
#030200,49.274687,-123.109443,056_WedFeb25
#861E4E,49.287449,-123.128914,056_WedFeb25
#18090B,49.280804,-123.107742,056_WedFeb25
#180C19,49.281359,-123.107512,056_WedFeb25
#030202,49.258939,-123.100895,056_WedFeb25
#E2D4E6,49.292648,-123.128988,056_WedFeb25
#595A52,49.264019,-123.105309,056_WedFeb25
#EAE4EA,49.275275,-123.070452,056_WedFeb25
#090506,49.237450,-123.155861,056_WedFeb25
#060304,49.281455,-123.111310,056_WedFeb25
#E4E8E6,49.219703,-123.101761,056_WedFeb25
#040403,49.276594,-123.099906,056_WedFeb25
#996880,49.267936,-123.157419,056_WedFeb25
#010101,49.281704,-123.104149,056_WedFeb25
#7C6F79,49.263383,-123.119147,056_WedFeb25
#150E0C,49.268064,-123.156120,056_WedFeb25
#8678A4,49.283421,-123.104652,056_WedFeb25
#0D0907,49.288639,-123.142418,056_WedFeb25
#120806,49.269455,-123.069511,056_WedFeb25
#1C1D1C,49.284572,-123.124657,056_WedFeb25
#0A0A08,49.270460,-123.100585,056_WedFeb25
#0F0708,49.282834,-123.120458,056_WedFeb25
#020402,49.275363,-123.099876,056_WedFeb25
#11040C,49.281077,-123.132313,056_WedFeb25
#0E060A,49.286556,-123.142616,056_WedFeb25
#010401,49.269634,-123.145126,056_WedFeb25
#6F7470,49.285856,-123.127205,056_WedFeb25
#060702,49.283108,-123.118874,056_WedFeb25
#EDDDE8,49.259043,-123.099839,056_WedFeb25
#C6DBCE,49.250000,-123.100000,056_WedFeb25
#2A4C49,49.268967,-123.102936,056_WedFeb25
#036162,49.725567,-123.140907,056_WedFeb25
#110906,49.261864,-123.138351,056_WedFeb25
#190A12,49.272333,-123.154955,056_WedFeb25
#856B7C,49.277577,-123.098100,056_WedFeb25
#000400,49.284222,-123.100403,056_WedFeb25
#000000,49.293286,-123.139987,056_WedFeb25
#110506,49.281434,-123.129799,056_WedFeb25
#120407,49.269908,-123.153351,056_WedFeb25
#6C1120,49.283108,-123.118874,056_WedFeb25
#BBBBC6,49.250000,-123.100000,056_WedFeb25
#0E080A,49.287476,-123.128960,056_WedFeb25
#100E0F,49.285319,-123.119678,056_WedFeb25
#A27385,49.278688,-123.110505,056_WedFeb25
#040303,49.269400,-123.123800,056_WedFeb25
#19211C,49.254456,-123.080432,056_WedFeb25
#021502,49.283108,-123.118874,056_WedFeb25
#020302,49.283508,-123.105095,056_WedFeb25
#040202,49.273353,-123.103411,056_WedFeb25
#E3CCDE,49.250000,-123.100000,056_WedFeb25
#BDBBBD,49.275072,-123.121252,056_WedFeb25
#030202,49.284042,-123.107463,056_WedFeb25
#030404,49.269400,-123.123800,056_WedFeb25
#1A0C12,49.286095,-123.126602,056_WedFeb25
#0F0B0D,49.288396,-123.130503,056_WedFeb25
#BDBFC0,49.269421,-123.139839,056_WedFeb25
#040301,49.270222,-123.135673,056_WedFeb25
#060002,49.269527,-123.095039,056_WedFeb25
#040501,49.267978,-123.149689,056_WedFeb25
#241B20,49.282834,-123.120458,056_WedFeb25
#F4F4F4,49.253098,-123.101408,056_WedFeb25
#070706,49.288128,-123.114868,056_WedFeb25
#0E060B,49.265213,-123.069923,056_WedFeb25
#050103,49.243103,-123.108555,056_WedFeb25
#0B0609,49.295304,-123.137059,056_WedFeb25
#040202,49.282234,-123.124434,056_WedFeb25
#030201,49.272625,-123.135620,056_WedFeb25
#E2CDD5,49.275572,-123.125109,056_WedFeb25
#040303,49.283844,-123.111298,056_WedFeb25
#0C0706,49.281412,-123.125412,056_WedFeb25
#D1AABA,49.283718,-123.121109,056_WedFeb25
#050505,49.282234,-123.124434,056_WedFeb25
#020202,49.283180,-123.114578,056_WedFeb25
#D2D2CD,49.233440,-123.125992,056_WedFeb25
#0E0101,49.283484,-123.104265,056_WedFeb25
#040803,49.287029,-123.115623,056_WedFeb25
#060501,49.288850,-123.121980,056_WedFeb25
#684952,49.281448,-123.112228,056_WedFeb25
#EDEBEC,49.250000,-123.100000,056_WedFeb25
#020201,49.250000,-123.100000,056_WedFeb25
#66736E,49.289711,-123.116074,056_WedFeb25
#040503,49.283718,-123.121109,056_WedFeb25
#E5E6E7,49.278991,-123.122973,056_WedFeb25
#020102,49.283623,-123.103828,056_WedFeb25
#10060A,49.283718,-123.121109,056_WedFeb25
#020302,49.283180,-123.114578,056_WedFeb25
#040404,49.300000,-123.140000,056_WedFeb25
#1E1E1E,49.292648,-123.128988,056_WedFeb25
#040603,49.287029,-123.115623,056_WedFeb25
#030505,49.276680,-123.086778,056_WedFeb25
#090705,49.280189,-123.121010,056_WedFeb25
#C7C4C5,49.276173,-123.079216,056_WedFeb25
#ACA6AC,49.290170,-123.118142,056_WedFeb25
#070504,49.283718,-123.121109,056_WedFeb25
#000000,49.279011,-123.114670,056_WedFeb25
#0A0607,49.287399,-123.125815,056_WedFeb25
#9E748D,49.265213,-123.069923,056_WedFeb25
#E9CCDE,49.273898,-123.124192,056_WedFeb25
#070602,49.267978,-123.149689,056_WedFeb25
#D2C9D0,49.288414,-123.130440,056_WedFeb25
#030101,49.280096,-123.120196,056_WedFeb25
#5E726B,49.250000,-123.100000,056_WedFeb25
#030101,49.279776,-123.109901,056_WedFeb25
#020301,49.285616,-123.120157,056_WedFeb25
#070705,49.281403,-123.106014,056_WedFeb25
#67535C,49.231513,-123.117097,056_WedFeb25
#060303,49.247150,-123.090268,056_WedFeb25
#A7EABD,49.224046,-123.078409,056_WedFeb25
#030101,49.271790,-123.105713,056_WedFeb25
#9D808B,49.282009,-123.105713,056_WedFeb25
#D4C8CD,49.280857,-123.107742,056_WedFeb25
#0C0808,49.288396,-123.130503,056_WedFeb25
#060003,49.283630,-123.106369,056_WedFeb25
#FEFEFF,49.274063,-123.154361,056_WedFeb25
#EEEBF1,49.266667,-123.166667,056_WedFeb25
#F2F1F3,49.278969,-123.101341,056_WedFeb25
#050202,49.265644,-123.100494,056_WedFeb25
#040202,49.272551,-123.133049,056_WedFeb25
#010101,49.281271,-123.098454,056_WedFeb25
#0A0A0A,49.275470,-123.136643,056_WedFeb25
#20070C,49.283691,-123.103455,056_WedFeb25
#021A05,49.250000,-123.100000,056_WedFeb25
#1D0507,49.262581,-123.118721,056_WedFeb25
#DEBEB7,49.264456,-123.069657,056_WedFeb25
#C2C1E0,49.285063,-123.120397,056_WedFeb25
#040202,49.409821,-123.503433,056_WedFeb25
#100909,49.279560,-123.121971,056_WedFeb25
#F6F6F5,49.284560,-123.113105,056_WedFeb25
#1C070C,49.264011,-123.104630,056_WedFeb25
#040101,49.281503,-123.101743,056_WedFeb25
#F6F1F4,49.260230,-123.140847,056_WedFeb25
#E9D8E6,49.244275,-123.107167,056_WedFeb25
#CC6CB7,49.289711,-123.116074,056_WedFeb25
#020202,49.282070,-123.102540,056_WedFeb25
#0C0707,49.262342,-123.074967,056_WedFeb25
#040403,49.291870,-123.134582,056_WedFeb25
#D6DBE4,49.282535,-123.111705,056_WedFeb25
#AD8397,49.257351,-123.128250,056_WedFeb25
#C1D7C6,49.266667,-123.166667,056_WedFeb25
#040303,49.287029,-123.115623,056_WedFeb25
#E8C2D6,49.290722,-123.133995,056_WedFeb25
#180509,49.282834,-123.120458,056_WedFeb25
#010101,49.244298,-123.127707,056_WedFeb25
#030602,49.279538,-123.100612,056_WedFeb25
#180305,49.280306,-123.119188,056_WedFeb25
#F8F8FA,49.286605,-123.113892,056_WedFeb25
#95E1A9,49.290437,-123.121587,056_WedFeb25
#060102,49.288746,-123.131500,056_WedFeb25
#020302,49.282971,-123.121267,056_WedFeb25
#000201,49.285672,-123.126277,056_WedFeb25
#010101,49.281067,-123.102051,056_WedFeb25
#030102,49.275707,-123.121719,056_WedFeb25
#160708,49.279442,-123.130371,056_WedFeb25
#020300,49.276809,-123.112154,056_WedFeb25
#B2518C,49.287224,-123.113916,056_WedFeb25
#F6E6EF,49.279328,-123.123181,056_WedFeb25
#CBBDC4,49.287431,-123.112809,056_WedFeb25
#E9F6F0,49.284398,-123.121018,056_WedFeb25
#C26B9E,49.226200,-123.090561,056_WedFeb25
#FDF8FC,49.278664,-123.099243,056_WedFeb25
#040504,49.282936,-123.110029,056_WedFeb25
#020501,49.269508,-123.143677,056_WedFeb25
#080605,49.272551,-123.133049,056_WedFeb25
#F0CFE1,49.234531,-123.157437,056_WedFeb25
#100909,49.288587,-123.128238,056_WedFeb25
#B35B81,49.271950,-123.100990,056_WedFeb25
#C7B7C4,49.234531,-123.157437,056_WedFeb25
#E8DDE2,49.250797,-123.116169,056_WedFeb25
#1B140B,49.267978,-123.149689,056_WedFeb25
#090909,49.263704,-123.116525,056_WedFeb25
#9E5E86,49.288587,-123.128238,056_WedFeb25
#160202,49.278542,-123.110207,056_WedFeb25
#0F0909,49.277334,-123.125724,056_WedFeb25
#10090B,49.257662,-123.069911,056_WedFeb25
#0E0404,49.279442,-123.130371,056_WedFeb25
#F9E7EF,49.282970,-123.115967,056_WedFeb25
#66E780,49.234063,-123.101412,056_WedFeb25
#0D0206,49.244264,-123.099729,056_WedFeb25
#010101,49.276236,-123.069383,056_WedFeb25
#D1CECD,49.250000,-123.100000,056_WedFeb25
#661618,49.285063,-123.120397,056_WedFeb25
#010302,49.300000,-123.140000,056_WedFeb25
#768F61,49.284371,-123.110200,056_WedFeb25
#E6E7E2,49.234002,-123.116252,056_WedFeb25
#215A35,49.284371,-123.110200,056_WedFeb25
#EEF4F0,49.250000,-123.100000,056_WedFeb25
#769061,49.284371,-123.110200,056_WedFeb25
#D8D0D3,49.279519,-123.115608,056_WedFeb25
#030101,49.273898,-123.124192,056_WedFeb25
#020401,49.276894,-123.119896,056_WedFeb25
#707370,49.288587,-123.128238,056_WedFeb25
#1B050B,49.261522,-123.156711,056_WedFeb25
#080C0B,49.250000,-123.100000,056_WedFeb25
#060203,49.279309,-123.102247,056_WedFeb25
#030101,49.284861,-123.122912,056_WedFeb25
#080605,49.284010,-123.125660,056_WedFeb25
#100804,49.285524,-123.118666,056_WedFeb25
#020202,49.274063,-123.154361,056_WedFeb25
#030303,49.274063,-123.154361,056_WedFeb25
#CED6D4,49.270207,-123.154652,056_WedFeb25
#C8BFC5,49.282834,-123.120458,056_WedFeb25
#100409,49.278652,-123.098618,056_WedFeb25
#946784,49.284861,-123.122912,056_WedFeb25
#020101,49.278664,-123.099243,056_WedFeb25
#120606,49.279442,-123.130371,056_WedFeb25
#030303,49.279828,-123.121642,056_WedFeb25
#F8EDF5,49.287765,-123.118564,056_WedFeb25
#F0F0F0,49.284616,-123.095534,056_WedFeb25
#050405,49.281271,-123.098454,056_WedFeb25
#010100,49.280096,-123.120196,056_WedFeb25
#AE0C6E,49.288813,-123.112139,056_WedFeb25
#C769A6,49.275753,-123.119972,056_WedFeb25
#F8F6F8,49.272511,-123.077927,056_WedFeb25
#11060B,49.275753,-123.119972,056_WedFeb25
#030102,49.300000,-123.140000,056_WedFeb25
#120C0B,49.282520,-123.107964,056_WedFeb25
#100A09,49.268967,-123.102936,056_WedFeb25
#040303,49.262385,-123.087026,056_WedFeb25
#160308,49.277577,-123.098100,056_WedFeb25
#080305,49.288311,-123.116730,056_WedFeb25
#AA8794,49.267487,-123.069534,056_WedFeb25
#212A2A,49.290437,-123.121587,056_WedFeb25
#040302,49.291656,-123.127470,056_WedFeb25
#70152E,49.275707,-123.121719,056_WedFeb25
#935B73,49.262266,-123.140217,056_WedFeb25
#020702,49.285140,-123.123480,056_WedFeb25
#050202,49.282425,-123.124291,056_WedFeb25
#0A0706,49.279270,-123.129776,056_WedFeb25
#030202,49.276295,-123.121407,056_WedFeb25
#070101,49.284108,-123.117244,056_WedFeb25
#030402,49.288587,-123.128238,056_WedFeb25
#5A1A1D,49.279551,-123.103416,056_WedFeb25
#010101,49.288128,-123.114868,056_WedFeb25
#B2A0A2,49.282684,-123.115288,056_WedFeb25
#0F0E09,49.269935,-123.148637,056_WedFeb25
#040001,49.270126,-123.069516,056_WedFeb25
#1A0807,49.292465,-123.129150,056_WedFeb25
#B8B8C3,49.282244,-123.121151,056_WedFeb25
#A49D9C,49.285000,-123.134000,056_WedFeb25
#050304,49.280237,-123.123904,056_WedFeb25
#010202,49.279796,-123.121661,056_WedFeb25
#F3EFF1,49.259043,-123.099839,056_WedFeb25
#AC8EA8,49.276100,-123.121140,056_WedFeb25
#60505B,49.282424,-123.124294,056_WedFeb25
#8F7986,49.282051,-123.120850,056_WedFeb25
#5D1724,49.282324,-123.104399,056_WedFeb25
#051609,49.293240,-123.140152,056_WedFeb25
#0F060A,49.283355,-123.104329,056_WedFeb25
#AF244A,49.281422,-123.121972,056_WedFeb25
#0C0909,49.250000,-123.100000,056_WedFeb25
#ABA0A4,49.272551,-123.133049,056_WedFeb25
#010101,49.283508,-123.105095,056_WedFeb25
#030101,49.274311,-123.123123,056_WedFeb25
#010101,49.285063,-123.120397,056_WedFeb25
#010103,49.280701,-123.103127,056_WedFeb25
#020101,49.275470,-123.136643,056_WedFeb25
#1C0710,49.280673,-123.127496,056_WedFeb25
#080606,49.280339,-123.124896,056_WedFeb25
#070501,49.276360,-123.127685,056_WedFeb25
#615959,49.287431,-123.112809,056_WedFeb25
#020101,49.283718,-123.121109,056_WedFeb25
#9F5E84,49.251219,-123.136169,056_WedFeb25
#8F6787,49.282834,-123.120458,056_WedFeb25
#9A6685,49.250759,-123.101356,056_WedFeb25
#0D0E0A,49.281923,-123.120619,056_WedFeb25
#070701,49.276360,-123.127685,056_WedFeb25
#070605,49.281678,-123.133362,056_WedFeb25
#E4E1E8,49.283924,-123.105827,056_WedFeb25
#030102,49.240524,-123.090225,056_WedFeb25
#66988A,49.725567,-123.140907,056_WedFeb25
#100403,49.280960,-123.077370,056_WedFeb25
#020303,49.249904,-123.075554,056_WedFeb25
#040001,49.283768,-123.123222,056_WedFeb25
#020001,49.282425,-123.124291,056_WedFeb25
#060102,49.283333,-123.119217,056_WedFeb25
#6CE8B3,49.274063,-123.154361,056_WedFeb25
#5B5D56,49.273114,-123.100348,056_WedFeb25
#1A0708,49.287158,-123.141899,056_WedFeb25
#C88AAD,49.284485,-123.113434,056_WedFeb25
#6D1529,49.284153,-123.097755,056_WedFeb25
#1C060B,49.219212,-123.149399,056_WedFeb25
#FCE7F5,49.271950,-123.100990,056_WedFeb25
#070605,49.280570,-123.104691,056_WedFeb25
#040300,49.287029,-123.115623,056_WedFeb25
#F5F3F2,49.283691,-123.103455,056_WedFeb25
#CCACB3,49.280499,-123.099358,056_WedFeb25
#24191D,49.300000,-123.140000,056_WedFeb25
#060201,49.279442,-123.130371,056_WedFeb25
#D5D5D5,49.205290,-123.139474,056_WedFeb25
#040102,49.273505,-123.120711,056_WedFeb25
#020202,49.300743,-123.130331,056_WedFeb25
#190A0B,49.283691,-123.103455,056_WedFeb25
#CDBFCB,49.270189,-123.137231,056_WedFeb25
#18090A,49.282589,-123.102959,056_WedFeb25
#060505,49.300000,-123.140000,056_WedFeb25
#154625,49.290437,-123.121587,056_WedFeb25
#030202,49.279828,-123.121642,056_WedFeb25
#050705,49.279461,-123.122124,056_WedFeb25
#12110A,49.288396,-123.130503,056_WedFeb25
#0A0506,49.276100,-123.121140,056_WedFeb25
#040403,49.269421,-123.139839,056_WedFeb25
#020101,49.225708,-123.096244,056_WedFeb25
#F5ECE9,49.254037,-123.136161,056_WedFeb25
#816776,49.283691,-123.103455,056_WedFeb25
#070201,49.279442,-123.130371,056_WedFeb25
#3E102E,49.258038,-123.127075,056_WedFeb25
#DFE5E0,49.280280,-123.100522,056_WedFeb25
#010101,49.276211,-123.099480,056_WedFeb25
#957E91,49.283327,-123.119291,056_WedFeb25
#131906,49.282325,-123.108887,056_WedFeb25
#040303,49.280339,-123.124896,056_WedFeb25
#050301,49.285999,-123.127571,056_WedFeb25
#000000,49.280371,-123.129529,056_WedFeb25
#080102,49.287655,-123.129242,056_WedFeb25
#030505,49.231515,-123.157753,056_WedFeb25
#040202,49.288850,-123.121980,056_WedFeb25
#CFC6CF,49.272200,-123.134013,056_WedFeb25
#776C6D,49.279307,-123.110496,056_WedFeb25
#BB76A2,49.282325,-123.108887,056_WedFeb25
#020001,49.279776,-123.109901,056_WedFeb25
#030302,49.262500,-123.068889,056_WedFeb25
#FAF9F9,49.280659,-123.100861,056_WedFeb25
#190407,49.292648,-123.128988,056_WedFeb25
#7B053D,49.280590,-123.120940,056_WedFeb25
#020001,49.288406,-123.139816,056_WedFeb25
#080C0B,49.242222,-123.115000,056_WedFeb25
#E5C6E0,49.285192,-123.111250,056_WedFeb25
#000000,49.263333,-123.091667,056_WedFeb25
#A74F85,49.280590,-123.120940,056_WedFeb25
#C8A1B3,49.291859,-123.135139,056_WedFeb25
#010101,49.278528,-123.098269,056_WedFeb25
#070201,49.279442,-123.130371,056_WedFeb25
#11020A,49.255260,-123.114731,056_WedFeb25
#FDFAFC,49.284391,-123.112503,056_WedFeb25
#B6C1D5,49.250000,-123.100000,056_WedFeb25
#040202,49.276894,-123.119896,056_WedFeb25
#020402,49.283508,-123.105095,056_WedFeb25
#0F170E,49.250000,-123.100000,056_WedFeb25
#A21B65,49.264127,-123.080852,056_WedFeb25
#170507,49.276100,-123.121140,056_WedFeb25
#EEF0ED,49.287626,-123.114054,056_WedFeb25
#030303,49.288128,-123.114868,056_WedFeb25
#050304,34.101690,-118.341134,056_WedFeb25
#040203,49.280804,-123.107742,056_WedFeb25
#0E0407,49.269395,-123.109114,056_WedFeb25
#040403,49.288033,-123.114475,056_WedFeb25
#010001,49.245600,-123.157800,056_WedFeb25
#706B5F,49.275707,-123.121719,056_WedFeb25
#030101,49.288128,-123.114868,056_WedFeb25
#070201,49.279442,-123.130371,056_WedFeb25
#030203,49.279442,-123.130371,056_WedFeb25
#020102,49.283642,-123.106773,056_WedFeb25
#011202,49.288383,-123.112904,056_WedFeb25
#E8E6E7,49.234617,-123.157637,056_WedFeb25
#0E0606,49.280237,-123.123904,056_WedFeb25
#060A08,49.288311,-123.116730,056_WedFeb25
#080306,49.282834,-123.120458,056_WedFeb25
#030202,49.283100,-123.104393,056_WedFeb25
#180A15,49.282688,-123.109261,056_WedFeb25
#040102,49.286388,-123.140755,056_WedFeb25
#9A5975,49.272209,-123.155342,056_WedFeb25
#050707,49.276894,-123.119896,056_WedFeb25
#6E1F43,49.276295,-123.121407,056_WedFeb25
#110206,49.282852,-123.115857,056_WedFeb25
#23020A,49.278652,-123.098618,056_WedFeb25
#020102,49.284222,-123.100403,056_WedFeb25
#680B10,49.263796,-123.145209,056_WedFeb25
#070504,49.280704,-123.117167,056_WedFeb25
#060301,49.288449,-123.139905,056_WedFeb25
#130704,49.285063,-123.120397,056_WedFeb25
#F2B5DD,49.292516,-123.133539,056_WedFeb25
#010001,49.288449,-123.139905,056_WedFeb25
#010301,49.287123,-123.142566,056_WedFeb25
#C58DB2,49.278652,-123.098618,056_WedFeb25
#FDF8FB,49.287415,-123.113905,056_WedFeb25
#020202,49.248562,-123.125685,056_WedFeb25
#040102,49.280757,-123.080138,056_WedFeb25
#030101,49.263796,-123.145209,056_WedFeb25
#FBEBFB,49.280212,-123.117270,056_WedFeb25
#060504,49.269508,-123.143677,056_WedFeb25
#010401,49.274486,-123.144418,056_WedFeb25
#8A5B6E,49.287792,-123.141252,056_WedFeb25
#060504,49.283691,-123.106049,056_WedFeb25
#8A737E,49.283691,-123.103455,056_WedFeb25
#F4EAF0,49.283420,-123.104110,056_WedFeb25
#084D1F,49.272916,-123.119220,056_WedFeb25
#070301,49.288449,-123.139905,056_WedFeb25
#4D0A16,49.289967,-123.132828,056_WedFeb25
#D5CED2,49.290437,-123.121587,056_WedFeb25
#020000,49.278803,-123.123928,056_WedFeb25
#020101,49.281548,-123.123627,056_WedFeb25
#080A09,49.250000,-123.100000,056_WedFeb25
#FCF9FB,49.270634,-123.069466,056_WedFeb25
#520301,49.278667,-123.120833,056_WedFeb25
#120B05,49.283691,-123.106049,056_WedFeb25
#030303,49.280280,-123.100522,056_WedFeb25
#B75F7D,49.283333,-123.119217,056_WedFeb25
#020202,49.278038,-123.109234,056_WedFeb25
#020101,49.291859,-123.135139,056_WedFeb25
#050304,49.284599,-123.108887,056_WedFeb25
#FAEFF5,49.290901,-123.134270,056_WedFeb25
#BD93A7,49.279638,-123.131767,056_WedFeb25
#000600,49.279796,-123.121661,056_WedFeb25
#EBD8E1,49.268967,-123.102936,056_WedFeb25
#12120F,49.279645,-123.099864,056_WedFeb25
#0F0809,49.263550,-123.069550,056_WedFeb25
#020102,49.263750,-123.145136,056_WedFeb25
#060503,49.279519,-123.115608,056_WedFeb25
#010001,49.283108,-123.118874,056_WedFeb25
#010000,49.278803,-123.123928,056_WedFeb25
#181418,49.267774,-123.108600,056_WedFeb25
#D58175,49.288333,-123.117778,056_WedFeb25
#252223,49.286338,-123.117469,056_WedFeb25
#06B37C,49.277515,-123.116638,056_WedFeb25
#030101,49.279178,-123.131025,056_WedFeb25
#222021,49.287022,-123.140892,056_WedFeb25
#080606,49.255260,-123.114731,056_WedFeb25
#0F0708,49.277771,-123.126892,056_WedFeb25
#A5A9AB,49.283327,-123.119291,056_WedFeb25
#1A0308,49.284313,-123.095337,056_WedFeb25
#070503,49.289112,-123.132057,056_WedFeb25
#050605,49.272625,-123.135620,056_WedFeb25
#11090A,49.272625,-123.135620,056_WedFeb25
#AEA8AB,49.265213,-123.069923,056_WedFeb25
#010001,49.281422,-123.121972,056_WedFeb25
#678974,49.250000,-123.100000,056_WedFeb25
#14090E,49.283167,-123.110388,056_WedFeb25
#251F23,49.270556,-123.133333,056_WedFeb25
#ECE9EA,49.250000,-123.100000,056_WedFeb25
#1D0409,49.287449,-123.115120,056_WedFeb25
#0A0304,49.287449,-123.115120,056_WedFeb25
#020302,49.236495,-123.102781,056_WedFeb25
#84677B,49.288910,-123.131203,056_WedFeb25
#F8E8F2,49.283691,-123.103455,056_WedFeb25
#050202,49.290610,-123.137140,056_WedFeb25
#160405,49.272250,-123.069342,056_WedFeb25
#ECE7ED,49.278573,-123.116909,056_WedFeb25
#A4949D,49.234428,-123.153473,056_WedFeb25
#16080E,49.283167,-123.110388,056_WedFeb25
#040404,49.282620,-123.134033,056_WedFeb25
#130509,49.275707,-123.121719,056_WedFeb25
#F5F3F4,49.287288,-123.129833,056_WedFeb25
#040301,49.281021,-123.127327,056_WedFeb25
#C59DB7,49.287955,-123.140324,056_WedFeb25
#030102,49.282400,-123.124322,056_WedFeb25
#080808,49.263088,-123.127454,056_WedFeb25
#030203,49.283691,-123.106049,056_WedFeb25
#F9F8F8,49.276894,-123.119896,056_WedFeb25
#010000,49.262001,-123.070488,056_WedFeb25
#DFCCF6,49.283108,-123.118874,056_WedFeb25
#020101,49.249769,-123.115547,056_WedFeb25
#561022,49.284313,-123.095337,056_WedFeb25
#BFF0E5,49.269955,-123.108247,056_WedFeb25
#160D0E,49.280371,-123.129529,056_WedFeb25
#FEFEFE,49.284371,-123.110200,056_WedFeb25
#FEFEFE,49.284371,-123.110200,056_WedFeb25
#FFFFFF,49.284371,-123.110200,056_WedFeb25
#F8F0F2,49.272625,-123.135620,056_WedFeb25
#020302,49.277805,-123.099243,056_WedFeb25
#BA6489,49.290722,-123.133995,056_WedFeb25
#040001,49.283991,-123.109813,056_WedFeb25
#010000,49.270920,-123.149933,056_WedFeb25
#B27086,49.290365,-123.133573,056_WedFeb25
#DFC4D5,49.276802,-123.126465,056_WedFeb25
#070903,49.273353,-123.103411,056_WedFeb25
#1B1519,49.272625,-123.135620,056_WedFeb25
#120812,49.271856,-123.135008,056_WedFeb25
#98120C,49.271798,-123.134801,056_WedFeb25
#F5F5F6,49.254456,-123.080432,056_WedFeb25
#000101,49.280109,-123.128975,056_WedFeb25
#B21162,49.285523,-123.125734,056_WedFeb25
#1A0B0A,49.279796,-123.121661,056_WedFeb25
#10080F,49.271856,-123.135008,056_WedFeb25
#020000,49.262001,-123.070488,056_WedFeb25
#030303,49.271856,-123.135008,056_WedFeb25
#0A070F,49.271798,-123.134801,056_WedFeb25
#050202,49.285236,-123.125716,056_WedFeb25
#000803,49.283642,-123.106773,056_WedFeb25
#060301,49.275726,-123.120552,056_WedFeb25
#8B6183,49.288746,-123.131500,056_WedFeb25
#BCD0CA,49.288128,-123.114868,056_WedFeb25
#1C0E12,49.290610,-123.137140,056_WedFeb25
#B2759C,49.288662,-123.131371,056_WedFeb25
#020101,49.279028,-123.123137,056_WedFeb25
#AA7896,49.277577,-123.098100,056_WedFeb25
#040303,49.290610,-123.137140,056_WedFeb25
#070807,49.250000,-123.100000,056_WedFeb25
#191A18,49.252350,-123.100825,056_WedFeb25
#020101,49.284111,-123.111565,056_WedFeb25
#010000,49.278803,-123.123928,056_WedFeb25
#0AC74D,49.261722,-123.069140,056_WedFeb25
#9B031A,49.224760,-123.107897,056_WedFeb25
#D2D2D2,49.304062,-123.156487,056_WedFeb25
#030402,49.275173,-123.120865,056_WedFeb25
#F8F2F7,49.288349,-123.122169,056_WedFeb25
#1E0408,49.280280,-123.100522,056_WedFeb25
#F2E5EC,49.290365,-123.133573,056_WedFeb25
#A37789,49.283691,-123.103455,056_WedFeb25
#131411,49.300000,-123.140000,056_WedFeb25
#BBBBBB,49.268094,-123.155494,056_WedFeb25
#C3B3BD,49.251219,-123.136169,056_WedFeb25
#020402,49.283180,-123.114578,056_WedFeb25
#EDDFE8,49.278664,-123.099243,056_WedFeb25
#0B130A,49.257715,-123.084217,056_WedFeb25
#000000,49.286675,-123.143220,056_WedFeb25
#19040C,49.290610,-123.137140,056_WedFeb25
#1C0A02,49.279270,-123.129776,056_WedFeb25
#010101,49.288396,-123.130503,056_WedFeb25
#D76AAF,49.260208,-123.093986,056_WedFeb25
#F8F3F8,49.264671,-123.114647,056_WedFeb25
#BA74A0,49.270833,-123.106667,056_WedFeb25
#050502,49.250000,-123.100000,056_WedFeb25
#131513,49.251011,-123.119489,056_WedFeb25
#030603,49.282051,-123.120850,056_WedFeb25
#D4C7D3,49.285739,-123.123934,056_WedFeb25
#CAB5C7,49.278652,-123.098618,056_WedFeb25
#16050D,49.276097,-123.119497,056_WedFeb25
#16090C,49.282070,-123.102540,056_WedFeb25
#021603,49.300000,-123.140000,056_WedFeb25
#060601,49.287029,-123.115623,056_WedFeb25
#170809,49.279310,-123.100782,056_WedFeb25
#0F060D,49.272625,-123.135620,056_WedFeb25
#181F1B,49.284599,-123.108887,056_WedFeb25
#C7C0C9,50.114829,-122.955372,056_WedFeb25
#010001,49.275051,-123.121628,056_WedFeb25
#15050D,49.275707,-123.121719,056_WedFeb25
#E7E4E5,49.283745,-123.109200,056_WedFeb25
#D46294,49.284679,-123.119270,056_WedFeb25
#0F060A,49.282070,-123.102540,056_WedFeb25
#FCFBFB,49.283623,-123.103828,056_WedFeb25
#010201,49.279828,-123.121642,056_WedFeb25
#060502,49.252274,-123.122735,056_WedFeb25
#203252,49.271856,-123.135008,056_WedFeb25
#540207,49.279828,-123.121642,056_WedFeb25
#040001,49.280512,-123.118382,056_WedFeb25
#100406,49.250000,-123.100000,056_WedFeb25
#0E0306,49.275707,-123.121719,056_WedFeb25
#F8F7F8,49.280804,-123.107742,056_WedFeb25
#030202,49.290722,-123.133995,056_WedFeb25
#030101,49.245830,-123.094177,056_WedFeb25
#010601,49.290437,-123.121587,056_WedFeb25
#F4F8F6,49.284111,-123.111565,056_WedFeb25
#080202,49.284618,-123.112020,056_WedFeb25
#030403,49.279828,-123.121642,056_WedFeb25
#EFEDED,49.283691,-123.103455,056_WedFeb25
#FAF9F9,49.284352,-123.110429,056_WedFeb25
#A2969D,49.300743,-123.130331,056_WedFeb25
#030303,49.282834,-123.120458,056_WedFeb25
#14090F,49.242222,-123.115000,056_WedFeb25
#0E0907,49.290234,-123.133789,056_WedFeb25
#040302,49.257715,-123.084217,056_WedFeb25
#A28A92,49.282834,-123.120458,056_WedFeb25
#F5E6E5,49.260860,-123.116287,056_WedFeb25
#030102,49.266791,-123.139082,056_WedFeb25
#010001,49.283247,-123.104229,056_WedFeb25
#0E0604,49.280306,-123.119188,056_WedFeb25
#020202,49.249904,-123.075554,056_WedFeb25
#B91625,49.281920,-123.108410,056_WedFeb25
#16030B,49.269859,-123.070351,056_WedFeb25
#020101,49.283999,-123.106473,056_WedFeb25
#010302,49.282433,-123.108856,056_WedFeb25
#021805,49.272824,-123.069781,056_WedFeb25
#050202,49.284386,-123.105174,056_WedFeb25
#120908,49.282589,-123.102959,056_WedFeb25
#7F1757,49.274256,-123.111744,056_WedFeb25
#040304,49.290610,-123.137140,056_WedFeb25
#AF538D,49.275707,-123.121719,056_WedFeb25
#906777,49.273047,-123.127129,056_WedFeb25
#060401,49.280306,-123.119188,056_WedFeb25
#47141A,49.264834,-123.123416,056_WedFeb25
#0C0C0A,49.280841,-123.120544,056_WedFeb25
#040302,49.269421,-123.139839,056_WedFeb25
#021502,49.284308,-123.095509,056_WedFeb25
#020101,49.288128,-123.114868,056_WedFeb25
#E2DEDF,49.280404,-123.121227,056_WedFeb25
#000000,49.280781,-123.132072,056_WedFeb25
#020401,49.302448,-123.144623,056_WedFeb25
#F1F8F5,49.279117,-123.116593,056_WedFeb25
#CC528F,49.280100,-123.112800,056_WedFeb25
#030102,49.279828,-123.121642,056_WedFeb25
#020202,49.250000,-123.100000,056_WedFeb25
#590B1B,49.272275,-123.069382,056_WedFeb25
#EDE5E9,49.280704,-123.117167,056_WedFeb25
#99687C,49.276097,-123.119497,056_WedFeb25
#040503,49.289051,-123.139511,056_WedFeb25
#080606,49.276112,-123.102197,056_WedFeb25
#020501,49.285683,-123.124107,056_WedFeb25
#020202,49.279011,-123.114670,056_WedFeb25
#060403,49.271856,-123.135008,056_WedFeb25
#020001,49.290365,-123.133573,056_WedFeb25
#0E140F,49.250000,-123.100000,056_WedFeb25
#050101,49.264813,-123.069138,056_WedFeb25
#040102,49.275707,-123.121719,056_WedFeb25
#170D16,49.251011,-123.119489,056_WedFeb25
#030303,49.269859,-123.070351,056_WedFeb25
#010101,49.268967,-123.102936,056_WedFeb25
#BFBFAA,49.283718,-123.121109,056_WedFeb25
#9DAB98,49.281370,-123.101870,056_WedFeb25
#297842,49.250000,-123.100000,056_WedFeb25
#010101,49.288128,-123.114868,056_WedFeb25
#FDFAFD,49.251869,-123.079109,056_WedFeb25
#040201,49.279442,-123.130371,056_WedFeb25
#100707,49.278553,-123.115768,056_WedFeb25
#050102,49.263984,-123.120966,056_WedFeb25
#AB778A,49.265327,-123.100655,056_WedFeb25
#1C0103,49.283889,-123.103402,056_WedFeb25
#050101,49.266361,-123.138596,056_WedFeb25
#190D11,49.286905,-123.129728,056_WedFeb25
#100605,49.284230,-123.109670,056_WedFeb25
#050204,49.282661,-123.109276,056_WedFeb25
#0A0305,49.266667,-123.166667,056_WedFeb25
#835B76,49.283100,-123.104393,056_WedFeb25
#030101,49.283327,-123.119291,056_WedFeb25
#B05471,49.270156,-123.107189,056_WedFeb25
#F7F5F6,49.263382,-123.113266,056_WedFeb25
#090404,49.265766,-123.100643,056_WedFeb25
#4E0C1A,49.263550,-123.136940,056_WedFeb25
#040503,49.244153,-123.096294,056_WedFeb25
#0E0407,49.284390,-123.109605,056_WedFeb25
#5D5B54,49.280673,-123.123446,056_WedFeb25
#010101,49.279776,-123.109901,056_WedFeb25
#A1607C,49.275707,-123.121719,056_WedFeb25
#B5E9CA,49.275698,-123.119131,056_WedFeb25
#040604,49.274642,-123.122509,056_WedFeb25
#EAE5E9,49.270401,-123.143789,056_WedFeb25
#952750,49.283283,-123.098007,056_WedFeb25
#1D1C1C,49.249685,-123.095554,056_WedFeb25
#060101,49.283314,-123.104401,056_WedFeb25
#72878A,49.283691,-123.103455,056_WedFeb25
#010101,49.250000,-123.100000,056_WedFeb25
#D6689A,49.283077,-123.104843,056_WedFeb25
#0D0D0D,49.280280,-123.100522,056_WedFeb25
#020101,49.288746,-123.131500,056_WedFeb25
#050101,49.278019,-123.127263,056_WedFeb25
#020102,49.285923,-123.118858,056_WedFeb25
#CE97BA,49.284005,-123.116082,056_WedFeb25
#000000,49.288396,-123.130503,056_WedFeb25
#050505,49.278014,-123.109052,056_WedFeb25
#A3E4C1,49.284398,-123.121018,056_WedFeb25
#BFC3BE,49.281809,-123.133305,056_WedFeb25
#030202,49.267971,-123.102318,056_WedFeb25
#010101,49.250000,-123.100000,056_WedFeb25
#16050D,49.269508,-123.143677,056_WedFeb25
#F1E7EE,49.282082,-123.133415,056_WedFeb25
#E5DCDF,49.282082,-123.133415,056_WedFeb25
#000100,49.261200,-123.123056,056_WedFeb25
#020101,49.264127,-123.080852,056_WedFeb25
#F6EAEF,49.282082,-123.133415,056_WedFeb25
#0F0505,49.280540,-123.069700,056_WedFeb25
#F0E5EE,49.282082,-123.133415,056_WedFeb25
#010000,49.282070,-123.102540,056_WedFeb25
#0F0C11,49.251011,-123.119489,056_WedFeb25
#B5B5B5,49.277337,-123.128880,056_WedFeb25
#B26E8D,49.283642,-123.106773,056_WedFeb25
#040403,49.278812,-123.079953,056_WedFeb25
#FBF3F7,49.283333,-123.119217,056_WedFeb25
#04E6BB,49.280148,-123.120211,056_WedFeb25
#856782,49.283327,-123.119291,056_WedFeb25
#040001,49.275173,-123.120865,056_WedFeb25
#0A0B09,49.283100,-123.104393,056_WedFeb25
#040101,49.250000,-123.100000,056_WedFeb25
#040101,49.275051,-123.121628,056_WedFeb25
#1A060D,49.278529,-123.098299,056_WedFeb25
#000102,49.261620,-123.101227,056_WedFeb25
#090705,49.283333,-123.119217,056_WedFeb25
#FDFDFD,49.279934,-123.087493,056_WedFeb25
#66030F,49.271801,-123.109093,056_WedFeb25
#1E1D17,49.287834,-123.117327,056_WedFeb25
#F9F9F9,49.284183,-123.113342,056_WedFeb25
#C07395,49.283646,-123.106596,056_WedFeb25
#060001,49.254256,-123.115038,056_WedFeb25
#B95782,49.276100,-123.121140,056_WedFeb25
#030202,49.273106,-123.100279,056_WedFeb25
#161710,49.270931,-123.115402,056_WedFeb25
#0D0508,49.286157,-123.139592,056_WedFeb25
#0A150C,49.271856,-123.135008,056_WedFeb25
#1A0C10,49.283141,-123.117692,056_WedFeb25
#FCF3FD,49.285616,-123.120157,056_WedFeb25
#AB5476,49.283646,-123.106596,056_WedFeb25
#F1DEE8,49.281666,-123.138336,056_WedFeb25
#CDB8C0,49.268967,-123.102936,056_WedFeb25
#020402,49.269421,-123.139839,056_WedFeb25
#031808,49.278936,-123.123275,056_WedFeb25
#010100,49.281021,-123.127327,056_WedFeb25
#060301,49.264240,-123.101410,056_WedFeb25
#070502,49.278778,-123.126000,056_WedFeb25
#F4EBED,49.281666,-123.138336,056_WedFeb25
#030103,49.278663,-123.124796,056_WedFeb25
#0F0506,49.262230,-123.153229,056_WedFeb25
#040203,49.275837,-123.122124,056_WedFeb25
#17110F,49.280404,-123.121227,056_WedFeb25
#060501,49.281650,-123.121071,056_WedFeb25
#010100,49.263970,-123.096523,056_WedFeb25
#060806,49.271856,-123.135008,056_WedFeb25
#B27E97,49.278652,-123.098618,056_WedFeb25
#070601,49.288390,-123.130570,056_WedFeb25
#020101,49.281185,-123.104233,056_WedFeb25
#F3E7EF,49.281666,-123.138336,056_WedFeb25
#050402,49.283642,-123.106773,056_WedFeb25
#E5E3E6,49.270556,-123.133333,056_WedFeb25
#12070B,49.262348,-123.101410,056_WedFeb25
#000100,49.273353,-123.103411,056_WedFeb25
#06100A,49.250000,-123.100000,056_WedFeb25
#E4C9DD,49.281666,-123.138336,056_WedFeb25
#C97CA3,49.282663,-123.124930,056_WedFeb25
#F4FAF9,49.271156,-123.139790,056_WedFeb25
#0F0709,49.263781,-123.100101,056_WedFeb25
#100907,49.272275,-123.069382,056_WedFeb25
#040404,49.284599,-123.108887,056_WedFeb25
#FDF9FC,49.262150,-123.088242,056_WedFeb25
#020101,49.270556,-123.133333,056_WedFeb25
#FCFBFC,49.266222,-123.139545,056_WedFeb25
#96666A,49.281666,-123.138336,056_WedFeb25
#12160A,49.262726,-123.152603,056_WedFeb25
#EBEBE9,49.223906,-123.079190,056_WedFeb25
#1F1F1F,49.231552,-123.090472,056_WedFeb25
#060404,49.285873,-123.127152,056_WedFeb25
#060403,49.283440,-123.118910,056_WedFeb25
#C88BAA,49.281874,-123.124205,056_WedFeb25
#F3EAF1,49.281666,-123.138336,056_WedFeb25
#010201,49.284695,-123.119241,056_WedFeb25
#D06A99,49.237560,-123.155693,056_WedFeb25
#C67499,49.283100,-123.104393,056_WedFeb25
#060501,49.281874,-123.124205,056_WedFeb25
#0D110B,49.275527,-123.120823,056_WedFeb25
#0A0707,49.250000,-123.100000,056_WedFeb25
#020303,49.300000,-123.140000,056_WedFeb25
#D5D5D5,49.277670,-123.126891,056_WedFeb25
#030403,49.266833,-123.089500,056_WedFeb25
#071204,49.249466,-123.127853,056_WedFeb25
#15040A,49.264671,-123.114647,056_WedFeb25
#231518,49.287999,-123.137446,056_WedFeb25
#010000,49.276100,-123.121140,056_WedFeb25
#F1F8F4,49.250000,-123.100000,056_WedFeb25
#030201,49.283642,-123.106773,056_WedFeb25
#140605,49.283718,-123.121109,056_WedFeb25
#0A0A09,49.267013,-123.144989,056_WedFeb25
#0F0406,49.286157,-123.139592,056_WedFeb25
#D36ABB,49.283909,-123.116691,056_WedFeb25
#14020D,49.246460,-123.101440,056_WedFeb25
#010F00,49.259182,-123.100921,056_WedFeb25
#070602,49.282520,-123.107964,056_WedFeb25
#AE5084,49.264646,-123.091971,056_WedFeb25
#070102,49.289967,-123.132828,056_WedFeb25
#CC0302,49.246155,-123.101036,056_WedFeb25
#0D0708,49.277586,-123.127287,056_WedFeb25
#C26FA6,49.279645,-123.099864,056_WedFeb25
#05885F,49.222385,-123.084331,056_WedFeb25
#E8EAE9,49.274593,-123.118469,056_WedFeb25
#010000,49.283718,-123.121109,056_WedFeb25
#010301,49.284695,-123.119241,056_WedFeb25
#6F0112,49.284572,-123.124657,056_WedFeb25
#070504,49.282080,-123.104392,056_WedFeb25
#E6E6E8,49.281666,-123.138336,056_WedFeb25
#14160D,49.274593,-123.118469,056_WedFeb25
#624A56,49.224760,-123.107897,056_WedFeb25
#FEFDFE,49.263069,-123.104779,056_WedFeb25
#DAA6BC,49.277829,-123.099403,056_WedFeb25
#A1898E,49.283156,-123.119579,056_WedFeb25
#030404,49.285739,-123.123934,056_WedFeb25
#010101,49.270460,-123.100585,056_WedFeb25
#121413,49.285721,-123.120230,056_WedFeb25
#200811,49.287514,-123.114811,056_WedFeb25
#EAE6E4,49.263387,-123.129022,056_WedFeb25
#040102,49.287514,-123.114811,056_WedFeb25
#8F1B24,49.281920,-123.108410,056_WedFeb25
#14090D,49.283167,-123.110388,056_WedFeb25
#030601,49.279121,-123.032837,056_WedFeb25
#12090B,49.282834,-123.120458,056_WedFeb25
#110304,49.283642,-123.106773,056_WedFeb25
#AC7E99,49.267129,-123.001030,056_WedFeb25
#BD6A98,49.250000,-123.100000,056_WedFeb25
#1B1B1B,49.283260,-123.109092,056_WedFeb25
#F0E4EB,49.282620,-123.134033,056_WedFeb25
#F0E6EE,49.277855,-123.131763,056_WedFeb25
#070C0B,49.271856,-123.135008,056_WedFeb25
#100307,49.269070,-123.156143,056_WedFeb25
#110203,49.271091,-123.069733,056_WedFeb25
#EDE7EA,49.283390,-123.117911,056_WedFeb25
#020001,49.176797,-122.856514,056_WedFeb25
#020202,49.250000,-123.100000,056_WedFeb25
#1F070B,49.245659,-123.101669,056_WedFeb25
#EFEBEE,49.282501,-123.109139,056_WedFeb25
#120C0C,49.262348,-123.101410,056_WedFeb25
#150A0A,49.246860,-123.101006,056_WedFeb25
#041504,49.271856,-123.135008,056_WedFeb25
#1C0F1C,49.265272,-123.091555,056_WedFeb25
#FBFCFB,49.254214,-123.036215,056_WedFeb25
#020702,49.282698,-123.128576,056_WedFeb25
#030503,49.268065,-123.149531,056_WedFeb25
#A6799F,49.281213,-123.132479,056_WedFeb25
#010101,49.292004,-123.130183,056_WedFeb25
#190B0F,49.276119,-123.128326,056_WedFeb25
#E6E2E2,49.291466,-123.127777,056_WedFeb25
#19080F,49.286556,-123.142616,056_WedFeb25
#FCFCFC,49.283264,-123.116887,056_WedFeb25
#020302,49.284679,-123.111893,056_WedFeb25
#010000,49.246510,-123.100838,056_WedFeb25
#AE8399,49.248142,-123.100906,056_WedFeb25
#100305,49.278553,-123.115768,056_WedFeb25
#020401,49.276318,-123.119667,056_WedFeb25
#0D0608,49.290234,-123.133789,056_WedFeb25
#016417,49.300743,-123.130331,056_WedFeb25
#C6C4C3,49.284042,-123.107463,056_WedFeb25
#C7AFCA,49.276119,-123.128326,056_WedFeb25
#A07791,49.287800,-123.126656,056_WedFeb25
#010101,49.264759,-123.116791,056_WedFeb25
#0E090D,49.278492,-123.128532,056_WedFeb25
#1F0C12,49.279776,-123.109901,056_WedFeb25
#130208,49.290722,-123.133995,056_WedFeb25
#020601,49.285739,-123.123934,056_WedFeb25
#030200,49.282051,-123.120850,056_WedFeb25
#0E0505,49.277829,-123.099403,056_WedFeb25
#030101,49.283108,-123.118874,056_WedFeb25
#0C0806,49.282663,-123.124930,056_WedFeb25
#140305,49.279442,-123.130371,056_WedFeb25
#F9F9F9,20.718231,-105.306395,056_WedFeb25
#010200,49.280404,-123.121227,056_WedFeb25
#1D0405,49.283333,-123.119217,056_WedFeb25
#021203,49.273158,-123.119131,056_WedFeb25
#171C19,49.282051,-123.120850,056_WedFeb25
#5E0225,49.228951,-123.091072,056_WedFeb25
#E1CFF9,49.283327,-123.119291,056_WedFeb25
#0E0B04,49.254017,-123.090187,056_WedFeb25
#A07E99,49.275250,-123.123535,056_WedFeb25
#ACE3C5,49.287022,-123.140892,056_WedFeb25
#888087,49.284546,-123.125153,056_WedFeb25
#050307,49.238990,-123.129839,056_WedFeb25
#010201,49.281271,-123.098454,056_WedFeb25
#906E0E,49.281271,-123.098454,056_WedFeb25
#C0AFC3,49.229907,-123.098431,056_WedFeb25
